LATITUDE,LONGITUDE,SUBNATIONAL1_CODE,Month,Day,Year,SPECIES_CODE,DATE,DOY
33.0706961,-106.0200503,US-NM,3,30,2024,bkchum,2024-03-30,90
33.0706961,-106.0200503,US-NM,4,6,2024,bkchum,2024-04-06,97
33.0706961,-106.0200503,US-NM,4,27,2024,bkchum,2024-04-27,118
33.0706961,-106.0200503,US-NM,3,25,2023,brthum,2023-03-25,84
33.0706961,-106.0200503,US-NM,4,22,2023,bkchum,2023-04-22,112
33.0706961,-106.0200503,US-NM,3,20,2021,brthum,2021-03-20,79
33.0706961,-106.0200503,US-NM,4,10,2021,bkchum,2021-04-10,100
33.391245,-111.4364153,US-AZ,2,8,2023,bkchum,2023-02-08,39
33.391245,-111.4364153,US-AZ,3,29,2023,bkchum,2023-03-29,88
39.4695922,-104.89725,US-CO,4,23,2022,brthum,2022-04-23,113
38.8529936,-104.8410883,US-CO,4,29,2023,brthum,2023-04-29,119
35.5331167,-105.9401768,US-NM,4,22,2023,bkchum,2023-04-22,112
35.5331167,-105.9401768,US-NM,4,29,2023,bkchum,2023-04-29,119
35.5331167,-105.9401768,US-NM,4,20,2024,bkchum,2024-04-20,111
35.5331167,-105.9401768,US-NM,4,27,2024,bkchum,2024-04-27,118
35.5331167,-105.9401768,US-NM,4,27,2024,brthum,2024-04-27,118
35.5331167,-105.9401768,US-NM,4,17,2021,bkchum,2021-04-17,107
35.5331167,-105.9401768,US-NM,4,24,2021,bkchum,2021-04-24,114
35.5638575,-105.7031551,US-NM,4,16,2022,brthum,2022-04-16,106
35.5638575,-105.7031551,US-NM,4,23,2022,bkchum,2022-04-23,113
35.5638575,-105.7031551,US-NM,4,23,2022,brthum,2022-04-23,113
35.5638575,-105.7031551,US-NM,4,15,2023,brthum,2023-04-15,105
35.5638575,-105.7031551,US-NM,4,15,2023,bkchum,2023-04-15,105
35.5638575,-105.7031551,US-NM,4,22,2023,brthum,2023-04-22,112
35.5638575,-105.7031551,US-NM,4,29,2023,brthum,2023-04-29,119
35.5638575,-105.7031551,US-NM,4,29,2023,bkchum,2023-04-29,119
35.5638575,-105.7031551,US-NM,4,13,2024,brthum,2024-04-13,104
35.5638575,-105.7031551,US-NM,4,20,2024,bkchum,2024-04-20,111
35.5638575,-105.7031551,US-NM,4,20,2024,brthum,2024-04-20,111
35.5638575,-105.7031551,US-NM,4,27,2024,bkchum,2024-04-27,118
35.5638575,-105.7031551,US-NM,4,20,2021,bkchum,2021-04-20,110
35.5638575,-105.7031551,US-NM,4,20,2021,brthum,2021-04-20,110
35.5638575,-105.7031551,US-NM,4,29,2021,bkchum,2021-04-29,119
32.2306792,-110.8605773,US-AZ,2,1,2021,brthum,2021-02-01,32
32.2306792,-110.8605773,US-AZ,2,19,2021,brthum,2021-02-19,50
37.0500225,-112.3615551,US-UT,4,29,2022,bkchum,2022-04-29,119
39.1713703,-108.7447129,US-CO,4,29,2022,bkchum,2022-04-29,119
39.1713703,-108.7447129,US-CO,4,23,2021,bkchum,2021-04-23,113
39.1713703,-108.7447129,US-CO,4,29,2021,bkchum,2021-04-29,119
39.5204511,-105.0219312,US-CO,4,18,2024,brthum,2024-04-18,109
32.5979484,-108.3345557,US-NM,4,16,2022,brthum,2022-04-16,106
32.5979484,-108.3345557,US-NM,4,16,2022,bkchum,2022-04-16,106
32.5979484,-108.3345557,US-NM,4,23,2022,bkchum,2022-04-23,113
32.5979484,-108.3345557,US-NM,4,23,2022,brthum,2022-04-23,113
32.5979484,-108.3345557,US-NM,4,23,2022,calhum,2022-04-23,113
32.5979484,-108.3345557,US-NM,4,2,2023,bkchum,2023-04-02,92
32.5979484,-108.3345557,US-NM,4,8,2023,bkchum,2023-04-08,98
32.5979484,-108.3345557,US-NM,4,16,2023,bkchum,2023-04-16,106
32.5979484,-108.3345557,US-NM,4,20,2024,bkchum,2024-04-20,111
32.5979484,-108.3345557,US-NM,4,27,2024,bkchum,2024-04-27,118
37.3601649,-108.4006257,US-CO,4,18,2022,bkchum,2022-04-18,108
37.3601649,-108.4006257,US-CO,4,18,2022,brthum,2022-04-18,108
37.3601649,-108.4006257,US-CO,4,28,2022,bkchum,2022-04-28,118
37.3601649,-108.4006257,US-CO,4,28,2022,brthum,2022-04-28,118
37.3601649,-108.4006257,US-CO,4,23,2023,brthum,2023-04-23,113
37.3601649,-108.4006257,US-CO,4,23,2023,bkchum,2023-04-23,113
37.3601649,-108.4006257,US-CO,4,24,2021,bkchum,2021-04-24,114
37.3601649,-108.4006257,US-CO,4,24,2021,brthum,2021-04-24,114
35.1616142,-106.4891109,US-NM,4,12,2022,bkchum,2022-04-12,102
35.1616142,-106.4891109,US-NM,4,20,2022,bkchum,2022-04-20,110
35.1616142,-106.4891109,US-NM,4,27,2022,bkchum,2022-04-27,117
35.1616142,-106.4891109,US-NM,4,11,2023,bkchum,2023-04-11,101
35.1616142,-106.4891109,US-NM,4,18,2023,bkchum,2023-04-18,108
35.1616142,-106.4891109,US-NM,4,14,2021,bkchum,2021-04-14,104
35.1616142,-106.4891109,US-NM,4,21,2021,bkchum,2021-04-21,111
35.1616142,-106.4891109,US-NM,4,29,2021,bkchum,2021-04-29,119
39.2867816,-107.2174644,US-CO,4,22,2023,brthum,2023-04-22,112
39.2867816,-107.2174644,US-CO,4,29,2023,brthum,2023-04-29,119
39.2867816,-107.2174644,US-CO,4,20,2024,brthum,2024-04-20,111
39.2867816,-107.2174644,US-CO,4,27,2024,brthum,2024-04-27,118
39.2867816,-107.2174644,US-CO,4,22,2022,brthum,2022-04-22,112
39.2867816,-107.2174644,US-CO,4,29,2022,brthum,2022-04-29,119
35.8912404,-106.624825,US-NM,4,9,2022,brthum,2022-04-09,99
35.8912404,-106.624825,US-NM,4,16,2022,brthum,2022-04-16,106
35.8912404,-106.624825,US-NM,4,23,2022,brthum,2022-04-23,113
35.8912404,-106.624825,US-NM,4,15,2023,brthum,2023-04-15,105
35.8912404,-106.624825,US-NM,4,22,2023,brthum,2023-04-22,112
35.8912404,-106.624825,US-NM,4,29,2023,brthum,2023-04-29,119
35.8912404,-106.624825,US-NM,4,24,2021,brthum,2021-04-24,114
35.9001512,-106.0234952,US-NM,4,16,2022,bkchum,2022-04-16,106
35.9001512,-106.0234952,US-NM,4,23,2022,brthum,2022-04-23,113
35.9001512,-106.0234952,US-NM,4,23,2022,bkchum,2022-04-23,113
35.9001512,-106.0234952,US-NM,4,20,2024,bkchum,2024-04-20,111
35.9001512,-106.0234952,US-NM,4,24,2021,brthum,2021-04-24,114
35.9001512,-106.0234952,US-NM,4,24,2021,bkchum,2021-04-24,114
35.9001512,-106.0234952,US-NM,4,22,2023,brthum,2023-04-22,112
35.9001512,-106.0234952,US-NM,4,22,2023,bkchum,2023-04-22,112
35.9001512,-106.0234952,US-NM,4,29,2023,bkchum,2023-04-29,119
35.9001512,-106.0234952,US-NM,4,29,2023,brthum,2023-04-29,119
31.7987675,-111.028227,US-AZ,3,5,2022,rufhum,2022-03-05,64
31.7987675,-111.028227,US-AZ,4,2,2022,rufhum,2022-04-02,92
31.7987675,-111.028227,US-AZ,3,11,2023,rufhum,2023-03-11,70
31.7987675,-111.028227,US-AZ,4,1,2023,rufhum,2023-04-01,91
31.7987675,-111.028227,US-AZ,4,1,2023,bkchum,2023-04-01,91
31.7987675,-111.028227,US-AZ,4,8,2023,rufhum,2023-04-08,98
31.7987675,-111.028227,US-AZ,4,7,2024,bkchum,2024-04-07,98
36.1271754,-106.0341138,US-NM,4,16,2022,bkchum,2022-04-16,106
36.1271754,-106.0341138,US-NM,4,16,2022,brthum,2022-04-16,106
36.1271754,-106.0341138,US-NM,4,23,2022,bkchum,2022-04-23,113
36.1271754,-106.0341138,US-NM,4,23,2022,brthum,2022-04-23,113
36.1271754,-106.0341138,US-NM,4,15,2023,bkchum,2023-04-15,105
36.1271754,-106.0341138,US-NM,4,22,2023,bkchum,2023-04-22,112
36.1271754,-106.0341138,US-NM,4,22,2023,brthum,2023-04-22,112
36.1271754,-106.0341138,US-NM,4,29,2023,brthum,2023-04-29,119
36.1271754,-106.0341138,US-NM,4,29,2023,bkchum,2023-04-29,119
36.1271754,-106.0341138,US-NM,4,20,2024,bkchum,2024-04-20,111
36.1271754,-106.0341138,US-NM,4,27,2024,bkchum,2024-04-27,118
36.1271754,-106.0341138,US-NM,4,24,2021,bkchum,2021-04-24,114
39.5614848,-119.8161634,US-NV,4,25,2022,bkchum,2022-04-25,115
32.9137473,-105.5259991,US-NM,4,3,2023,brthum,2023-04-03,93
32.9137473,-105.5259991,US-NM,4,10,2023,brthum,2023-04-10,100
32.9137473,-105.5259991,US-NM,4,17,2023,brthum,2023-04-17,107
32.9137473,-105.5259991,US-NM,4,24,2023,brthum,2023-04-24,114
32.9137473,-105.5259991,US-NM,4,6,2021,brthum,2021-04-06,96
32.9137473,-105.5259991,US-NM,4,12,2021,brthum,2021-04-12,102
32.9137473,-105.5259991,US-NM,4,20,2021,brthum,2021-04-20,110
32.9137473,-105.5259991,US-NM,4,26,2021,brthum,2021-04-26,116
35.6317517,-105.9776705,US-NM,4,26,2024,bkchum,2024-04-26,117
33.4444009,-111.8486899,US-AZ,4,17,2021,bkchum,2021-04-17,107
33.4444009,-111.8486899,US-AZ,4,24,2021,bkchum,2021-04-24,114
38.2008347,-105.0948974,US-CO,4,17,2022,brthum,2022-04-17,107
38.2008347,-105.0948974,US-CO,4,28,2023,brthum,2023-04-28,118
38.2008347,-105.0948974,US-CO,4,29,2021,bkchum,2021-04-29,119
38.2008347,-105.0948974,US-CO,4,29,2021,brthum,2021-04-29,119
35.6468391,-105.9296265,US-NM,4,27,2021,bkchum,2021-04-27,117
35.69103,-106.75193,US-NM,4,12,2024,bkchum,2024-04-12,103
35.69103,-106.75193,US-NM,4,20,2024,bkchum,2024-04-20,111
48.3827553,-115.5678635,US-MT,4,23,2022,rufhum,2022-04-23,113
48.3827553,-115.5678635,US-MT,4,23,2022,calhum,2022-04-23,113
48.3827553,-115.5678635,US-MT,4,24,2021,calhum,2021-04-24,114
48.3827553,-115.5678635,US-MT,4,24,2021,rufhum,2021-04-24,114
48.3827553,-115.5678635,US-MT,4,29,2023,calhum,2023-04-29,119
48.3827553,-115.5678635,US-MT,4,27,2024,calhum,2024-04-27,118
40.7789428,-111.7374896,US-UT,4,29,2023,brthum,2023-04-29,119
40.7789428,-111.7374896,US-UT,4,27,2024,brthum,2024-04-27,118
36.1541322,-115.2816975,US-NV,4,2,2022,bkchum,2022-04-02,92
36.1541322,-115.2816975,US-NV,4,9,2022,bkchum,2022-04-09,99
36.1541322,-115.2816975,US-NV,4,16,2022,bkchum,2022-04-16,106
36.1541322,-115.2816975,US-NV,4,23,2022,bkchum,2022-04-23,113
36.1541322,-115.2816975,US-NV,4,11,2023,bkchum,2023-04-11,101
36.1541322,-115.2816975,US-NV,4,25,2023,bkchum,2023-04-25,115
36.1541322,-115.2816975,US-NV,4,11,2024,bkchum,2024-04-11,102
36.1541322,-115.2816975,US-NV,4,18,2024,bkchum,2024-04-18,109
36.1541322,-115.2816975,US-NV,4,25,2024,bkchum,2024-04-25,116
36.1541322,-115.2816975,US-NV,4,10,2021,bkchum,2021-04-10,100
36.1541322,-115.2816975,US-NV,4,17,2021,bkchum,2021-04-17,107
34.9949684,-106.2619858,US-NM,4,17,2022,bkchum,2022-04-17,107
34.9949684,-106.2619858,US-NM,4,29,2023,bkchum,2023-04-29,119
34.9949684,-106.2619858,US-NM,4,13,2024,bkchum,2024-04-13,104
34.9949684,-106.2619858,US-NM,4,20,2024,bkchum,2024-04-20,111
34.9949684,-106.2619858,US-NM,4,27,2024,bkchum,2024-04-27,118
40.3581685,-105.4529623,US-CO,4,26,2024,brthum,2024-04-26,117
40.7491752,-105.1940864,US-CO,4,23,2022,brthum,2022-04-23,113
40.7491752,-105.1940864,US-CO,4,29,2022,brthum,2022-04-29,119
39.494585,-105.4223389,US-CO,4,29,2022,brthum,2022-04-29,119
39.494585,-105.4223389,US-CO,4,29,2023,brthum,2023-04-29,119
43.6583176,-116.6872711,US-ID,4,29,2023,bkchum,2023-04-29,119
37.7204404,-114.4633126,US-NV,4,7,2021,bkchum,2021-04-07,97
37.7204404,-114.4633126,US-NV,4,14,2021,bkchum,2021-04-14,104
39.7819427,-105.3594728,US-CO,4,27,2024,brthum,2024-04-27,118
32.8899336,-105.725206,US-NM,4,7,2021,brthum,2021-04-07,97
32.8899336,-105.725206,US-NM,4,14,2021,brthum,2021-04-14,104
32.8899336,-105.725206,US-NM,4,21,2021,brthum,2021-04-21,111
32.8899336,-105.725206,US-NM,4,28,2021,brthum,2021-04-28,118
35.8177634,-106.2052042,US-NM,4,10,2021,brthum,2021-04-10,100
35.8177634,-106.2052042,US-NM,4,17,2021,bkchum,2021-04-17,107
37.3163726,-107.7877259,US-CO,4,20,2023,brthum,2023-04-20,110
37.3163726,-107.7877259,US-CO,4,26,2021,bkchum,2021-04-26,116
32.3956172,-106.7512784,US-NM,4,3,2022,bkchum,2022-04-03,93
32.3956172,-106.7512784,US-NM,4,17,2022,bkchum,2022-04-17,107
32.3956172,-106.7512784,US-NM,4,24,2022,bkchum,2022-04-24,114
32.3956172,-106.7512784,US-NM,4,11,2021,bkchum,2021-04-11,101
32.3956172,-106.7512784,US-NM,4,18,2021,bkchum,2021-04-18,108
32.3956172,-106.7512784,US-NM,4,25,2021,bkchum,2021-04-25,115
36.7462512,-108.1775884,US-NM,4,17,2021,bkchum,2021-04-17,107
36.7462512,-108.1775884,US-NM,4,24,2021,bkchum,2021-04-24,114
31.810874,-111.018325,US-AZ,4,10,2022,rufhum,2022-04-10,100
31.810874,-111.018325,US-AZ,4,3,2022,bkchum,2022-04-03,93
31.810874,-111.018325,US-AZ,4,3,2022,rufhum,2022-04-03,93
31.810874,-111.018325,US-AZ,3,20,2022,rufhum,2022-03-20,79
31.810874,-111.018325,US-AZ,2,6,2022,brthum,2022-02-06,37
31.810874,-111.018325,US-AZ,2,14,2021,brthum,2021-02-14,45
40.5601106,-105.1325755,US-CO,4,29,2021,brthum,2021-04-29,119
32.2718976,-110.8030683,US-AZ,3,20,2021,bkchum,2021-03-20,79
32.2718976,-110.8030683,US-AZ,4,3,2021,bkchum,2021-04-03,93
32.2718976,-110.8030683,US-AZ,4,10,2021,bkchum,2021-04-10,100
32.2718976,-110.8030683,US-AZ,4,25,2021,bkchum,2021-04-25,115
35.5973265,-106.0107759,US-NM,4,26,2021,bkchum,2021-04-26,116
47.4948749,-115.9558171,US-ID,4,29,2023,rufhum,2023-04-29,119
47.4948749,-115.9558171,US-ID,4,29,2023,calhum,2023-04-29,119
47.4948749,-115.9558171,US-ID,4,24,2021,calhum,2021-04-24,114
47.4948749,-115.9558171,US-ID,4,24,2021,rufhum,2021-04-24,114
48.8817357,-115.0509402,US-MT,4,20,2021,rufhum,2021-04-20,110
48.8817357,-115.0509402,US-MT,4,27,2021,rufhum,2021-04-27,117
48.8817357,-115.0509402,US-MT,4,27,2021,calhum,2021-04-27,117
35.130093,-106.7172674,US-NM,4,12,2021,bkchum,2021-04-12,102
35.130093,-106.7172674,US-NM,4,22,2021,bkchum,2021-04-22,112
35.130093,-106.7172674,US-NM,4,28,2021,bkchum,2021-04-28,118
39.8043736,-105.1788045,US-CO,4,27,2023,brthum,2023-04-27,117
39.8043736,-105.1788045,US-CO,4,29,2024,brthum,2024-04-29,120
35.1637866,-111.6687543,US-AZ,4,27,2021,bkchum,2021-04-27,117
39.6380605,-105.3867894,US-CO,4,29,2022,brthum,2022-04-29,119
35.6837304,-105.9530278,US-NM,4,24,2021,bkchum,2021-04-24,114
35.2508085,-106.7049615,US-NM,4,19,2022,bkchum,2022-04-19,109
39.5467187,-104.9739872,US-CO,4,27,2021,brthum,2021-04-27,117
35.0845092,-106.4846854,US-NM,4,8,2023,bkchum,2023-04-08,98
35.0845092,-106.4846854,US-NM,4,22,2024,bkchum,2024-04-22,113
33.2957173,-111.9445907,US-AZ,2,6,2021,bkchum,2021-02-06,37
33.2957173,-111.9445907,US-AZ,2,13,2021,bkchum,2021-02-13,44
33.2957173,-111.9445907,US-AZ,2,20,2021,bkchum,2021-02-20,51
33.2957173,-111.9445907,US-AZ,2,27,2021,bkchum,2021-02-27,58
33.2957173,-111.9445907,US-AZ,3,6,2021,bkchum,2021-03-06,65
33.2957173,-111.9445907,US-AZ,3,13,2021,bkchum,2021-03-13,72
33.2957173,-111.9445907,US-AZ,3,20,2021,bkchum,2021-03-20,79
35.5135456,-105.9049559,US-NM,4,24,2021,bkchum,2021-04-24,114
47.0279696,-116.9285215,US-ID,4,27,2022,calhum,2022-04-27,117
47.0279696,-116.9285215,US-ID,4,27,2022,bkchum,2022-04-27,117
31.443749,-109.9233413,US-AZ,4,5,2023,rufhum,2023-04-05,95
31.443749,-109.9233413,US-AZ,4,5,2023,bkchum,2023-04-05,95
31.443749,-109.9233413,US-AZ,4,12,2023,rufhum,2023-04-12,102
31.443749,-109.9233413,US-AZ,4,12,2023,bkchum,2023-04-12,102
31.443749,-109.9233413,US-AZ,4,25,2023,bkchum,2023-04-25,115
31.443749,-109.9233413,US-AZ,3,15,2021,rufhum,2021-03-15,74
31.443749,-109.9233413,US-AZ,3,22,2021,rufhum,2021-03-22,81
31.443749,-109.9233413,US-AZ,4,6,2021,bkchum,2021-04-06,96
31.443749,-109.9233413,US-AZ,4,6,2021,rufhum,2021-04-06,96
31.443749,-109.9233413,US-AZ,4,12,2021,rufhum,2021-04-12,102
36.168421,-105.9769913,US-NM,4,15,2023,bkchum,2023-04-15,105
36.168421,-105.9769913,US-NM,4,22,2023,bkchum,2023-04-22,112
36.168421,-105.9769913,US-NM,4,29,2023,bkchum,2023-04-29,119
36.168421,-105.9769913,US-NM,4,21,2024,bkchum,2024-04-21,112
36.168421,-105.9769913,US-NM,4,28,2024,bkchum,2024-04-28,119
35.5845675,-105.9222842,US-NM,4,10,2022,bkchum,2022-04-10,100
35.5845675,-105.9222842,US-NM,4,17,2022,bkchum,2022-04-17,107
35.5845675,-105.9222842,US-NM,4,17,2022,brthum,2022-04-17,107
35.5845675,-105.9222842,US-NM,4,24,2022,brthum,2022-04-24,114
35.5845675,-105.9222842,US-NM,4,24,2022,bkchum,2022-04-24,114
35.5845675,-105.9222842,US-NM,4,15,2023,bkchum,2023-04-15,105
35.5845675,-105.9222842,US-NM,4,23,2023,bkchum,2023-04-23,113
35.5845675,-105.9222842,US-NM,4,23,2023,brthum,2023-04-23,113
35.5845675,-105.9222842,US-NM,4,29,2023,brthum,2023-04-29,119
35.5845675,-105.9222842,US-NM,4,29,2023,bkchum,2023-04-29,119
35.5845675,-105.9222842,US-NM,4,14,2024,brthum,2024-04-14,105
35.5845675,-105.9222842,US-NM,4,14,2024,bkchum,2024-04-14,105
35.5845675,-105.9222842,US-NM,4,21,2024,bkchum,2024-04-21,112
35.5845675,-105.9222842,US-NM,4,28,2024,bkchum,2024-04-28,119
35.5845675,-105.9222842,US-NM,4,28,2024,brthum,2024-04-28,119
35.5845675,-105.9222842,US-NM,4,11,2021,bkchum,2021-04-11,101
35.5845675,-105.9222842,US-NM,4,18,2021,bkchum,2021-04-18,108
37.8998282,-111.4389641,US-UT,4,11,2022,bkchum,2022-04-11,101
37.8998282,-111.4389641,US-UT,4,19,2022,bkchum,2022-04-19,109
37.8998282,-111.4389641,US-UT,4,16,2023,bkchum,2023-04-16,106
37.8998282,-111.4389641,US-UT,4,24,2024,bkchum,2024-04-24,115
37.8998282,-111.4389641,US-UT,4,24,2021,bkchum,2021-04-24,114
32.3470318,-106.7311797,US-NM,4,4,2021,bkchum,2021-04-04,94
32.3470318,-106.7311797,US-NM,4,11,2021,bkchum,2021-04-11,101
32.3470318,-106.7311797,US-NM,4,18,2021,bkchum,2021-04-18,108
32.3470318,-106.7311797,US-NM,4,25,2021,bkchum,2021-04-25,115
32.3470318,-106.7311797,US-NM,4,3,2022,bkchum,2022-04-03,93
32.3470318,-106.7311797,US-NM,4,10,2022,bkchum,2022-04-10,100
32.3470318,-106.7311797,US-NM,4,24,2022,bkchum,2022-04-24,114
39.0944786,-108.4819938,US-CO,4,24,2023,bkchum,2023-04-24,114
39.0944786,-108.4819938,US-CO,4,29,2024,bkchum,2024-04-29,120
39.0944786,-108.4819938,US-CO,4,25,2021,bkchum,2021-04-25,115
48.1667813,-114.3482244,US-MT,4,23,2022,calhum,2022-04-23,113
48.1667813,-114.3482244,US-MT,4,29,2022,calhum,2022-04-29,119
48.1667813,-114.3482244,US-MT,4,19,2021,calhum,2021-04-19,109
48.1667813,-114.3482244,US-MT,4,26,2021,rufhum,2021-04-26,116
48.1667813,-114.3482244,US-MT,4,26,2021,calhum,2021-04-26,116
39.6351492,-104.8841805,US-CO,4,26,2021,brthum,2021-04-26,116
34.3821321,-110.2983897,US-AZ,4,9,2022,bkchum,2022-04-09,99
34.3821321,-110.2983897,US-AZ,4,16,2022,bkchum,2022-04-16,106
34.3821321,-110.2983897,US-AZ,4,16,2022,rufhum,2022-04-16,106
34.3821321,-110.2983897,US-AZ,4,23,2022,bkchum,2022-04-23,113
34.3821321,-110.2983897,US-AZ,4,29,2022,bkchum,2022-04-29,119
34.3821321,-110.2983897,US-AZ,4,29,2022,brthum,2022-04-29,119
34.3821321,-110.2983897,US-AZ,4,15,2021,bkchum,2021-04-15,105
34.3821321,-110.2983897,US-AZ,4,22,2021,bkchum,2021-04-22,112
34.3821321,-110.2983897,US-AZ,4,29,2021,bkchum,2021-04-29,119
35.1817154,-113.8128119,US-AZ,3,21,2022,bkchum,2022-03-21,80
35.1817154,-113.8128119,US-AZ,3,28,2022,rufhum,2022-03-28,87
35.1817154,-113.8128119,US-AZ,4,4,2022,rufhum,2022-04-04,94
35.1817154,-113.8128119,US-AZ,4,11,2022,rufhum,2022-04-11,101
35.1817154,-113.8128119,US-AZ,4,5,2021,rufhum,2021-04-05,95
35.1817154,-113.8128119,US-AZ,4,19,2021,bkchum,2021-04-19,109
35.1817154,-113.8128119,US-AZ,4,26,2021,bkchum,2021-04-26,116
33.4542578,-111.5339278,US-AZ,2,7,2021,bkchum,2021-02-07,38
33.4542578,-111.5339278,US-AZ,2,28,2021,bkchum,2021-02-28,59
33.4542578,-111.5339278,US-AZ,3,21,2021,bkchum,2021-03-21,80
31.8542511,-110.9937019,US-AZ,3,19,2023,bkchum,2023-03-19,78
31.8542511,-110.9937019,US-AZ,4,23,2023,bkchum,2023-04-23,113
32.3581269,-106.7803922,US-NM,4,28,2021,bkchum,2021-04-28,118
34.5503707,-112.474826,US-AZ,4,11,2023,rufhum,2023-04-11,101
34.7453681,-111.9142914,US-AZ,2,12,2022,bkchum,2022-02-12,43
34.7453681,-111.9142914,US-AZ,2,19,2022,bkchum,2022-02-19,50
34.7453681,-111.9142914,US-AZ,2,26,2022,bkchum,2022-02-26,57
34.7453681,-111.9142914,US-AZ,3,5,2022,bkchum,2022-03-05,64
34.7453681,-111.9142914,US-AZ,3,19,2022,bkchum,2022-03-19,78
34.7453681,-111.9142914,US-AZ,3,27,2022,bkchum,2022-03-27,86
34.7453681,-111.9142914,US-AZ,4,2,2022,bkchum,2022-04-02,92
34.7453681,-111.9142914,US-AZ,4,23,2022,bkchum,2022-04-23,113
34.7453681,-111.9142914,US-AZ,2,24,2023,bkchum,2023-02-24,55
34.7453681,-111.9142914,US-AZ,3,3,2023,bkchum,2023-03-03,62
34.7453681,-111.9142914,US-AZ,3,31,2023,bkchum,2023-03-31,90
34.7453681,-111.9142914,US-AZ,4,7,2023,bkchum,2023-04-07,97
34.7453681,-111.9142914,US-AZ,4,14,2023,bkchum,2023-04-14,104
34.7453681,-111.9142914,US-AZ,4,21,2023,bkchum,2023-04-21,111
34.7453681,-111.9142914,US-AZ,4,28,2023,bkchum,2023-04-28,118
34.7453681,-111.9142914,US-AZ,2,16,2024,bkchum,2024-02-16,47
34.7453681,-111.9142914,US-AZ,2,23,2024,bkchum,2024-02-23,54
34.7453681,-111.9142914,US-AZ,4,26,2024,bkchum,2024-04-26,117
35.1747218,-106.4903995,US-NM,4,16,2022,brthum,2022-04-16,106
35.1747218,-106.4903995,US-NM,3,26,2022,bkchum,2022-03-26,85
34.9768806,-106.3240528,US-NM,4,12,2022,bkchum,2022-04-12,102
34.9768806,-106.3240528,US-NM,4,27,2022,bkchum,2022-04-27,117
34.9768806,-106.3240528,US-NM,4,20,2021,bkchum,2021-04-20,110
34.9768806,-106.3240528,US-NM,4,27,2021,bkchum,2021-04-27,117
35.0992791,-106.4924705,US-NM,4,13,2024,bkchum,2024-04-13,104
35.0992791,-106.4924705,US-NM,4,20,2024,bkchum,2024-04-20,111
35.0992791,-106.4924705,US-NM,4,27,2024,brthum,2024-04-27,118
35.0992791,-106.4924705,US-NM,4,27,2024,bkchum,2024-04-27,118
35.0992791,-106.4924705,US-NM,4,10,2021,bkchum,2021-04-10,100
35.0992791,-106.4924705,US-NM,4,17,2021,bkchum,2021-04-17,107
35.0992791,-106.4924705,US-NM,4,24,2021,bkchum,2021-04-24,114
40.5096127,-105.1742461,US-CO,4,23,2022,brthum,2022-04-23,113
40.202749,-105.1325425,US-CO,4,24,2021,brthum,2021-04-24,114
34.7551531,-112.0615768,US-AZ,2,8,2021,bkchum,2021-02-08,39
34.7551531,-112.0615768,US-AZ,2,21,2021,bkchum,2021-02-21,52
33.4497268,-111.4825895,US-AZ,2,1,2021,bkchum,2021-02-01,32
31.8867774,-110.9333576,US-AZ,3,1,2021,brthum,2021-03-01,60
31.8867774,-110.9333576,US-AZ,3,22,2021,brthum,2021-03-22,81
35.1486262,-106.5051234,US-NM,4,28,2021,bkchum,2021-04-28,118
34.2561557,-111.3108185,US-AZ,2,7,2021,bkchum,2021-02-07,38
34.2561557,-111.3108185,US-AZ,2,21,2021,bkchum,2021-02-21,52
39.6173004,-105.2824617,US-CO,4,20,2022,brthum,2022-04-20,110
39.6173004,-105.2824617,US-CO,4,27,2022,brthum,2022-04-27,117
39.6173004,-105.2824617,US-CO,4,26,2021,brthum,2021-04-26,116
47.3485352,-116.585927,US-ID,4,29,2023,rufhum,2023-04-29,119
35.8153914,-106.2026438,US-NM,4,28,2023,bkchum,2023-04-28,118
33.3965732,-110.7803914,US-AZ,4,6,2021,bkchum,2021-04-06,96
33.3965732,-110.7803914,US-AZ,4,13,2021,bkchum,2021-04-13,103
33.3965732,-110.7803914,US-AZ,4,19,2021,bkchum,2021-04-19,109
33.3965732,-110.7803914,US-AZ,4,25,2021,bkchum,2021-04-25,115
33.3965732,-110.7803914,US-AZ,4,28,2021,bkchum,2021-04-28,118
35.6855202,-106.023674,US-NM,4,23,2022,bkchum,2022-04-23,113
35.6855202,-106.023674,US-NM,4,22,2023,bkchum,2023-04-22,112
35.6855202,-106.023674,US-NM,4,29,2023,bkchum,2023-04-29,119
35.6855202,-106.023674,US-NM,4,29,2023,brthum,2023-04-29,119
35.6855202,-106.023674,US-NM,4,20,2024,bkchum,2024-04-20,111
35.6855202,-106.023674,US-NM,4,27,2024,bkchum,2024-04-27,118
33.4980805,-110.8625102,US-AZ,3,27,2022,bkchum,2022-03-27,86
33.4980805,-110.8625102,US-AZ,4,24,2022,rufhum,2022-04-24,114
33.4980805,-110.8625102,US-AZ,4,1,2021,bkchum,2021-04-01,91
33.4980805,-110.8625102,US-AZ,4,8,2021,brthum,2021-04-08,98
32.956929,-111.6010248,US-AZ,3,20,2021,rufhum,2021-03-20,79
32.2595055,-110.893873,US-AZ,4,4,2022,bkchum,2022-04-04,94
32.2595055,-110.893873,US-AZ,4,2,2023,bkchum,2023-04-02,92
32.2595055,-110.893873,US-AZ,4,29,2023,bkchum,2023-04-29,119
32.2595055,-110.893873,US-AZ,3,28,2021,bkchum,2021-03-28,87
32.7742267,-108.3031422,US-NM,4,2,2022,bkchum,2022-04-02,92
32.7742267,-108.3031422,US-NM,4,9,2022,bkchum,2022-04-09,99
32.7742267,-108.3031422,US-NM,4,9,2022,brthum,2022-04-09,99
32.7742267,-108.3031422,US-NM,4,16,2022,bkchum,2022-04-16,106
32.7742267,-108.3031422,US-NM,4,16,2022,brthum,2022-04-16,106
32.7742267,-108.3031422,US-NM,4,23,2022,brthum,2022-04-23,113
32.7742267,-108.3031422,US-NM,4,23,2022,bkchum,2022-04-23,113
32.7742267,-108.3031422,US-NM,4,8,2023,bkchum,2023-04-08,98
32.7742267,-108.3031422,US-NM,4,8,2023,brthum,2023-04-08,98
32.7742267,-108.3031422,US-NM,4,15,2023,brthum,2023-04-15,105
32.7742267,-108.3031422,US-NM,4,15,2023,bkchum,2023-04-15,105
32.7742267,-108.3031422,US-NM,4,22,2023,brthum,2023-04-22,112
32.7742267,-108.3031422,US-NM,4,22,2023,bkchum,2023-04-22,112
32.7742267,-108.3031422,US-NM,4,29,2023,bkchum,2023-04-29,119
32.7742267,-108.3031422,US-NM,4,29,2023,brthum,2023-04-29,119
32.7742267,-108.3031422,US-NM,4,6,2024,bkchum,2024-04-06,97
32.7742267,-108.3031422,US-NM,4,6,2024,brthum,2024-04-06,97
32.7742267,-108.3031422,US-NM,4,13,2024,bkchum,2024-04-13,104
32.7742267,-108.3031422,US-NM,4,20,2024,bkchum,2024-04-20,111
32.7742267,-108.3031422,US-NM,4,27,2024,bkchum,2024-04-27,118
32.7742267,-108.3031422,US-NM,4,27,2024,brthum,2024-04-27,118
32.7742267,-108.3031422,US-NM,4,10,2021,brthum,2021-04-10,100
32.7742267,-108.3031422,US-NM,4,10,2021,bkchum,2021-04-10,100
32.7742267,-108.3031422,US-NM,4,17,2021,bkchum,2021-04-17,107
32.7742267,-108.3031422,US-NM,4,17,2021,brthum,2021-04-17,107
32.7742267,-108.3031422,US-NM,4,24,2021,brthum,2021-04-24,114
32.7742267,-108.3031422,US-NM,4,24,2021,bkchum,2021-04-24,114
32.9468319,-108.0177243,US-NM,4,20,2022,brthum,2022-04-20,110
32.9468319,-108.0177243,US-NM,4,29,2022,brthum,2022-04-29,119
32.9468319,-108.0177243,US-NM,4,21,2023,bkchum,2023-04-21,111
32.9468319,-108.0177243,US-NM,4,21,2023,brthum,2023-04-21,111
32.9468319,-108.0177243,US-NM,4,29,2023,bkchum,2023-04-29,119
32.9468319,-108.0177243,US-NM,4,1,2024,brthum,2024-04-01,92
32.9468319,-108.0177243,US-NM,4,14,2024,bkchum,2024-04-14,105
32.9468319,-108.0177243,US-NM,4,29,2024,bkchum,2024-04-29,120
32.9468319,-108.0177243,US-NM,4,29,2024,brthum,2024-04-29,120
35.0791828,-106.679083,US-NM,4,26,2021,bkchum,2021-04-26,116
46.8716745,-113.9748081,US-MT,4,29,2021,rufhum,2021-04-29,119
31.9119851,-109.136821,US-AZ,3,26,2022,brthum,2022-03-26,85
31.9119851,-109.136821,US-AZ,3,26,2022,bkchum,2022-03-26,85
31.9119851,-109.136821,US-AZ,3,12,2022,brthum,2022-03-12,71
31.9119851,-109.136821,US-AZ,4,2,2022,bkchum,2022-04-02,92
31.9119851,-109.136821,US-AZ,4,2,2022,rufhum,2022-04-02,92
31.9119851,-109.136821,US-AZ,4,2,2022,brthum,2022-04-02,92
31.9119851,-109.136821,US-AZ,4,2,2022,calhum,2022-04-02,92
31.9119851,-109.136821,US-AZ,4,10,2022,rufhum,2022-04-10,100
31.9119851,-109.136821,US-AZ,4,10,2022,brthum,2022-04-10,100
31.9119851,-109.136821,US-AZ,4,10,2022,bkchum,2022-04-10,100
31.9119851,-109.136821,US-AZ,4,27,2022,brthum,2022-04-27,117
31.9119851,-109.136821,US-AZ,4,27,2022,bkchum,2022-04-27,117
31.9119851,-109.136821,US-AZ,3,20,2021,brthum,2021-03-20,79
31.9119851,-109.136821,US-AZ,3,27,2021,bkchum,2021-03-27,86
31.9119851,-109.136821,US-AZ,3,27,2021,brthum,2021-03-27,86
31.9119851,-109.136821,US-AZ,3,27,2021,rufhum,2021-03-27,86
31.9119851,-109.136821,US-AZ,4,3,2021,bkchum,2021-04-03,93
31.9119851,-109.136821,US-AZ,4,3,2021,brthum,2021-04-03,93
31.9119851,-109.136821,US-AZ,4,3,2021,calhum,2021-04-03,93
31.9119851,-109.136821,US-AZ,4,3,2021,rufhum,2021-04-03,93
34.8085099,-106.2544041,US-NM,4,12,2022,bkchum,2022-04-12,102
34.8085099,-106.2544041,US-NM,4,26,2022,bkchum,2022-04-26,116
34.8085099,-106.2544041,US-NM,4,26,2022,brthum,2022-04-26,116
34.8085099,-106.2544041,US-NM,4,2,2023,brthum,2023-04-02,92
34.8085099,-106.2544041,US-NM,4,16,2023,bkchum,2023-04-16,106
34.8085099,-106.2544041,US-NM,4,16,2023,brthum,2023-04-16,106
34.8085099,-106.2544041,US-NM,4,23,2023,bkchum,2023-04-23,113
34.8085099,-106.2544041,US-NM,4,23,2023,brthum,2023-04-23,113
34.8085099,-106.2544041,US-NM,4,17,2021,brthum,2021-04-17,107
34.8085099,-106.2544041,US-NM,4,24,2021,brthum,2021-04-24,114
34.8085099,-106.2544041,US-NM,4,24,2021,bkchum,2021-04-24,114
33.4113147,-111.5136595,US-AZ,3,6,2021,brthum,2021-03-06,65
35.2337281,-111.6742069,US-AZ,4,18,2022,bkchum,2022-04-18,108
35.2337281,-111.6742069,US-AZ,4,25,2022,bkchum,2022-04-25,115
35.2337281,-111.6742069,US-AZ,4,28,2024,bkchum,2024-04-28,119
32.2758852,-110.7402134,US-AZ,2,25,2022,brthum,2022-02-25,56
32.2758852,-110.7402134,US-AZ,3,31,2021,brthum,2021-03-31,90
37.0278372,-113.6103758,US-UT,3,15,2022,bkchum,2022-03-15,74
37.0278372,-113.6103758,US-UT,4,20,2023,bkchum,2023-04-20,110
37.0278372,-113.6103758,US-UT,4,27,2023,bkchum,2023-04-27,117
34.7077407,-112.0217596,US-AZ,3,2,2022,bkchum,2022-03-02,61
34.7077407,-112.0217596,US-AZ,3,2,2022,rufhum,2022-03-02,61
34.7077407,-112.0217596,US-AZ,3,8,2022,rufhum,2022-03-08,67
34.7077407,-112.0217596,US-AZ,4,16,2023,bkchum,2023-04-16,106
34.7077407,-112.0217596,US-AZ,4,22,2023,bkchum,2023-04-22,112
34.7077407,-112.0217596,US-AZ,4,19,2024,bkchum,2024-04-19,110
34.7077407,-112.0217596,US-AZ,4,25,2024,bkchum,2024-04-25,116
34.7077407,-112.0217596,US-AZ,3,30,2021,bkchum,2021-03-30,89
34.7077407,-112.0217596,US-AZ,4,13,2021,bkchum,2021-04-13,103
38.8157724,-104.8525078,US-CO,4,29,2023,bkchum,2023-04-29,119
38.8157724,-104.8525078,US-CO,4,27,2024,bkchum,2024-04-27,118
35.1098696,-106.4962903,US-NM,4,22,2023,bkchum,2023-04-22,112
35.1098696,-106.4962903,US-NM,4,29,2023,bkchum,2023-04-29,119
35.1630622,-106.5527585,US-NM,4,26,2022,bkchum,2022-04-26,116
35.1630622,-106.5527585,US-NM,4,27,2023,bkchum,2023-04-27,117
35.1630622,-106.5527585,US-NM,4,19,2024,bkchum,2024-04-19,110
36.5129518,-105.5815691,US-NM,4,17,2022,bkchum,2022-04-17,107
36.5129518,-105.5815691,US-NM,4,24,2022,brthum,2022-04-24,114
36.5129518,-105.5815691,US-NM,4,24,2022,bkchum,2022-04-24,114
36.5129518,-105.5815691,US-NM,4,15,2023,brthum,2023-04-15,105
36.5129518,-105.5815691,US-NM,4,22,2023,brthum,2023-04-22,112
36.5129518,-105.5815691,US-NM,4,21,2024,brthum,2024-04-21,112
36.5129518,-105.5815691,US-NM,4,28,2024,brthum,2024-04-28,119
36.5129518,-105.5815691,US-NM,4,28,2024,bkchum,2024-04-28,119
32.2885726,-111.1138393,US-AZ,2,25,2023,bkchum,2023-02-25,56
39.6468643,-105.4018976,US-CO,4,25,2022,bkchum,2022-04-25,115
35.5483081,-105.91099,US-NM,4,16,2022,bkchum,2022-04-16,106
35.5483081,-105.91099,US-NM,4,23,2022,bkchum,2022-04-23,113
36.3434602,-105.8035017,US-NM,4,9,2022,bkchum,2022-04-09,99
36.3434602,-105.8035017,US-NM,4,16,2022,brthum,2022-04-16,106
36.3434602,-105.8035017,US-NM,4,16,2022,bkchum,2022-04-16,106
36.3434602,-105.8035017,US-NM,4,23,2022,bkchum,2022-04-23,113
36.3434602,-105.8035017,US-NM,4,23,2022,brthum,2022-04-23,113
36.050671,-115.0531518,US-NV,4,22,2022,rufhum,2022-04-22,112
37.2472732,-107.168323,US-CO,4,23,2022,brthum,2022-04-23,113
37.2472732,-107.168323,US-CO,4,29,2022,bkchum,2022-04-29,119
37.2472732,-107.168323,US-CO,4,29,2022,brthum,2022-04-29,119
37.2472732,-107.168323,US-CO,4,22,2023,brthum,2023-04-22,112
37.2472732,-107.168323,US-CO,4,29,2023,brthum,2023-04-29,119
37.2472732,-107.168323,US-CO,4,27,2024,brthum,2024-04-27,118
39.3420145,-104.689461,US-CO,4,16,2022,brthum,2022-04-16,106
39.3420145,-104.689461,US-CO,4,23,2022,brthum,2022-04-23,113
39.3420145,-104.689461,US-CO,4,29,2022,brthum,2022-04-29,119
39.3420145,-104.689461,US-CO,4,22,2023,brthum,2023-04-22,112
39.3420145,-104.689461,US-CO,4,29,2023,brthum,2023-04-29,119
39.3420145,-104.689461,US-CO,4,27,2024,brthum,2024-04-27,118
39.5168683,-105.01538,US-CO,4,24,2024,brthum,2024-04-24,115
39.9335628,-105.0625958,US-CO,4,29,2022,brthum,2022-04-29,119
35.0662902,-106.61299,US-NM,4,17,2022,bkchum,2022-04-17,107
35.0662902,-106.61299,US-NM,4,16,2023,bkchum,2023-04-16,106
35.0662902,-106.61299,US-NM,4,23,2023,bkchum,2023-04-23,113
38.7939835,-104.8357484,US-CO,4,19,2022,brthum,2022-04-19,109
33.8662727,-112.1450995,US-AZ,3,8,2023,brthum,2023-03-08,67
36.9099176,-104.3900728,US-NM,4,23,2022,bkchum,2022-04-23,113
35.1527121,-106.5336273,US-NM,4,16,2023,bkchum,2023-04-16,106
39.5073212,-107.3162744,US-CO,4,25,2024,brthum,2024-04-25,116
39.5073212,-107.3162744,US-CO,4,26,2022,brthum,2022-04-26,116
40.3351597,-111.6899443,US-UT,4,28,2022,bkchum,2022-04-28,118
46.7456614,-114.0944198,US-MT,4,29,2024,calhum,2024-04-29,120
31.7815533,-111.0474777,US-AZ,3,26,2022,bkchum,2022-03-26,85
31.7815533,-111.0474777,US-AZ,4,3,2022,rufhum,2022-04-03,93
31.7815533,-111.0474777,US-AZ,3,28,2021,rufhum,2021-03-28,87
31.7815533,-111.0474777,US-AZ,4,25,2021,bkchum,2021-04-25,115
31.8560903,-110.9650469,US-AZ,4,8,2022,calhum,2022-04-08,98
39.965003,-105.4170976,US-CO,4,29,2022,brthum,2022-04-29,119
39.965003,-105.4170976,US-CO,4,26,2024,brthum,2024-04-26,117
31.4569289,-110.2257979,US-AZ,4,6,2022,bkchum,2022-04-06,96
31.4569289,-110.2257979,US-AZ,4,19,2022,bkchum,2022-04-19,109
31.4569289,-110.2257979,US-AZ,3,31,2023,bkchum,2023-03-31,90
31.4569289,-110.2257979,US-AZ,4,7,2023,rufhum,2023-04-07,97
31.4569289,-110.2257979,US-AZ,4,7,2023,bkchum,2023-04-07,97
31.4569289,-110.2257979,US-AZ,4,22,2023,bkchum,2023-04-22,112
31.4569289,-110.2257979,US-AZ,4,29,2023,bkchum,2023-04-29,119
31.4569289,-110.2257979,US-AZ,2,10,2024,rufhum,2024-02-10,41
31.4569289,-110.2257979,US-AZ,4,13,2024,bkchum,2024-04-13,104
31.4569289,-110.2257979,US-AZ,4,13,2024,brthum,2024-04-13,104
31.4569289,-110.2257979,US-AZ,4,20,2024,bkchum,2024-04-20,111
31.4569289,-110.2257979,US-AZ,4,27,2024,bkchum,2024-04-27,118
31.4569289,-110.2257979,US-AZ,4,27,2024,brthum,2024-04-27,118
35.1707252,-106.6406157,US-NM,4,23,2022,bkchum,2022-04-23,113
35.1707252,-106.6406157,US-NM,4,29,2022,bkchum,2022-04-29,119
35.1707252,-106.6406157,US-NM,4,22,2023,bkchum,2023-04-22,112
35.1707252,-106.6406157,US-NM,4,27,2023,bkchum,2023-04-27,117
35.1707252,-106.6406157,US-NM,4,27,2023,brthum,2023-04-27,117
39.656564,-105.3414595,US-CO,4,24,2022,brthum,2022-04-24,114
36.0162485,-115.066315,US-NV,2,5,2022,bkchum,2022-02-05,36
36.0162485,-115.066315,US-NV,4,2,2022,bkchum,2022-04-02,92
35.2327609,-106.3132286,US-NM,4,25,2022,bkchum,2022-04-25,115
39.962422,-105.4124035,US-CO,4,28,2024,brthum,2024-04-28,119
39.962422,-105.4124035,US-CO,4,21,2022,brthum,2022-04-21,111
39.962422,-105.4124035,US-CO,4,28,2022,brthum,2022-04-28,118
33.7269468,-111.6715455,US-AZ,3,4,2022,brthum,2022-03-04,63
35.0672889,-106.6157068,US-NM,4,13,2024,bkchum,2024-04-13,104
35.0672889,-106.6157068,US-NM,4,20,2024,bkchum,2024-04-20,111
34.8210526,-111.8186188,US-AZ,4,2,2022,rufhum,2022-04-02,92
34.8210526,-111.8186188,US-AZ,4,2,2022,bkchum,2022-04-02,92
34.8210526,-111.8186188,US-AZ,4,15,2022,brthum,2022-04-15,105
34.8210526,-111.8186188,US-AZ,4,15,2022,bkchum,2022-04-15,105
34.8210526,-111.8186188,US-AZ,4,28,2022,bkchum,2022-04-28,118
34.8210526,-111.8186188,US-AZ,3,23,2023,bkchum,2023-03-23,82
34.8210526,-111.8186188,US-AZ,4,24,2023,bkchum,2023-04-24,114
34.8210526,-111.8186188,US-AZ,4,29,2023,bkchum,2023-04-29,119
34.8210526,-111.8186188,US-AZ,4,15,2024,bkchum,2024-04-15,106
34.8210526,-111.8186188,US-AZ,4,15,2024,rufhum,2024-04-15,106
34.8210526,-111.8186188,US-AZ,4,29,2024,bkchum,2024-04-29,120
34.8210526,-111.8186188,US-AZ,4,10,2021,bkchum,2021-04-10,100
34.8210526,-111.8186188,US-AZ,4,10,2021,brthum,2021-04-10,100
34.8210526,-111.8186188,US-AZ,4,10,2021,calhum,2021-04-10,100
34.8210526,-111.8186188,US-AZ,4,29,2021,bkchum,2021-04-29,119
39.6694725,-105.1567984,US-CO,4,25,2021,bkchum,2021-04-25,115
31.8299236,-110.9967422,US-AZ,2,5,2022,bkchum,2022-02-05,36
31.8299236,-110.9967422,US-AZ,3,26,2022,bkchum,2022-03-26,85
31.8299236,-110.9967422,US-AZ,4,16,2022,bkchum,2022-04-16,106
31.8299236,-110.9967422,US-AZ,4,24,2021,bkchum,2021-04-24,114
31.8299236,-110.9967422,US-AZ,2,11,2023,bkchum,2023-02-11,42
31.8299236,-110.9967422,US-AZ,3,11,2023,bkchum,2023-03-11,70
31.8299236,-110.9967422,US-AZ,3,18,2023,bkchum,2023-03-18,77
31.8299236,-110.9967422,US-AZ,3,25,2023,bkchum,2023-03-25,84
31.8299236,-110.9967422,US-AZ,3,31,2023,rufhum,2023-03-31,90
31.8299236,-110.9967422,US-AZ,3,31,2023,bkchum,2023-03-31,90
31.8299236,-110.9967422,US-AZ,4,8,2023,bkchum,2023-04-08,98
31.8299236,-110.9967422,US-AZ,4,15,2023,rufhum,2023-04-15,105
31.8299236,-110.9967422,US-AZ,4,15,2023,bkchum,2023-04-15,105
31.8299236,-110.9967422,US-AZ,4,22,2023,bkchum,2023-04-22,112
31.8299236,-110.9967422,US-AZ,2,10,2024,bkchum,2024-02-10,41
31.8299236,-110.9967422,US-AZ,2,24,2024,bkchum,2024-02-24,55
31.8299236,-110.9967422,US-AZ,3,23,2024,bkchum,2024-03-23,83
31.8299236,-110.9967422,US-AZ,3,30,2024,bkchum,2024-03-30,90
31.8299236,-110.9967422,US-AZ,4,6,2024,bkchum,2024-04-06,97
37.2815056,-107.0999298,US-CO,4,19,2024,brthum,2024-04-19,110
37.2815056,-107.0999298,US-CO,4,26,2024,brthum,2024-04-26,117
37.2815056,-107.0999298,US-CO,4,29,2021,brthum,2021-04-29,119
37.2815056,-107.0999298,US-CO,4,28,2023,brthum,2023-04-28,118
35.2489327,-106.6131502,US-NM,4,21,2022,bkchum,2022-04-21,111
35.2489327,-106.6131502,US-NM,4,28,2022,bkchum,2022-04-28,118
35.2489327,-106.6131502,US-NM,4,13,2023,bkchum,2023-04-13,103
35.2489327,-106.6131502,US-NM,4,20,2023,bkchum,2023-04-20,110
35.2489327,-106.6131502,US-NM,4,27,2023,bkchum,2023-04-27,117
35.2489327,-106.6131502,US-NM,4,15,2024,bkchum,2024-04-15,106
35.2489327,-106.6131502,US-NM,4,21,2024,bkchum,2024-04-21,112
31.7056206,-111.0628724,US-AZ,3,29,2022,bkchum,2022-03-29,88
31.7056206,-111.0628724,US-AZ,3,29,2022,rufhum,2022-03-29,88
31.562352,-110.3647685,US-AZ,4,5,2022,brthum,2022-04-05,95
31.562352,-110.3647685,US-AZ,4,5,2022,rufhum,2022-04-05,95
31.562352,-110.3647685,US-AZ,4,5,2022,bkchum,2022-04-05,95
31.562352,-110.3647685,US-AZ,3,29,2024,bkchum,2024-03-29,89
34.8556962,-111.8203879,US-AZ,4,29,2022,bkchum,2022-04-29,119
35.7999992,-106.1999969,US-NM,4,14,2023,brthum,2023-04-14,104
35.7999992,-106.1999969,US-NM,4,27,2023,brthum,2023-04-27,117
35.7999992,-106.1999969,US-NM,4,15,2024,brthum,2024-04-15,106
40.7700768,-105.1953202,US-CO,4,28,2024,brthum,2024-04-28,119
34.1224189,-105.5532396,US-NM,4,20,2022,bkchum,2022-04-20,110
34.1224189,-105.5532396,US-NM,4,26,2022,brthum,2022-04-26,116
34.1224189,-105.5532396,US-NM,4,26,2022,bkchum,2022-04-26,116
34.1224189,-105.5532396,US-NM,4,8,2023,bkchum,2023-04-08,98
34.1224189,-105.5532396,US-NM,4,16,2023,bkchum,2023-04-16,106
34.1224189,-105.5532396,US-NM,4,16,2023,brthum,2023-04-16,106
34.1224189,-105.5532396,US-NM,4,23,2023,bkchum,2023-04-23,113
34.1224189,-105.5532396,US-NM,4,21,2024,bkchum,2024-04-21,112
34.1224189,-105.5532396,US-NM,4,21,2024,brthum,2024-04-21,112
34.1224189,-105.5532396,US-NM,4,28,2024,bkchum,2024-04-28,119
39.0597621,-104.7760917,US-CO,4,18,2023,brthum,2023-04-18,108
32.8083576,-109.8568735,US-AZ,3,25,2022,bkchum,2022-03-25,84
32.8083576,-109.8568735,US-AZ,4,3,2022,bkchum,2022-04-03,93
32.8083576,-109.8568735,US-AZ,3,29,2023,bkchum,2023-03-29,88
32.8083576,-109.8568735,US-AZ,4,11,2023,bkchum,2023-04-11,101
32.8083576,-109.8568735,US-AZ,4,24,2023,bkchum,2023-04-24,114
32.8083576,-109.8568735,US-AZ,4,29,2023,bkchum,2023-04-29,119
32.8083576,-109.8568735,US-AZ,4,19,2021,bkchum,2021-04-19,109
32.8083576,-109.8568735,US-AZ,4,28,2021,bkchum,2021-04-28,118
32.8209293,-108.2745981,US-NM,4,22,2022,bkchum,2022-04-22,112
32.8209293,-108.2745981,US-NM,4,23,2023,bkchum,2023-04-23,113
32.8209293,-108.2745981,US-NM,4,20,2024,bkchum,2024-04-20,111
32.8209293,-108.2745981,US-NM,4,8,2021,bkchum,2021-04-08,98
32.8209293,-108.2745981,US-NM,4,17,2021,bkchum,2021-04-17,107
32.9985246,-111.9232549,US-AZ,3,25,2023,bkchum,2023-03-25,84
32.9985246,-111.9232549,US-AZ,4,8,2023,bkchum,2023-04-08,98
32.9985246,-111.9232549,US-AZ,4,15,2023,bkchum,2023-04-15,105
32.9985246,-111.9232549,US-AZ,4,22,2023,bkchum,2023-04-22,112
35.8110376,-106.2075842,US-NM,4,5,2023,bkchum,2023-04-05,95
35.8110376,-106.2075842,US-NM,4,14,2023,bkchum,2023-04-14,104
35.8110376,-106.2075842,US-NM,4,20,2023,bkchum,2023-04-20,110
35.8110376,-106.2075842,US-NM,4,20,2024,bkchum,2024-04-20,111
35.8110376,-106.2075842,US-NM,4,27,2024,bkchum,2024-04-27,118
32.2617351,-110.9405813,US-AZ,2,20,2023,brthum,2023-02-20,51
32.2617351,-110.9405813,US-AZ,4,29,2023,bkchum,2023-04-29,119
32.2617351,-110.9405813,US-AZ,4,29,2023,brthum,2023-04-29,119
32.2617351,-110.9405813,US-AZ,2,28,2024,brthum,2024-02-28,59
32.2617351,-110.9405813,US-AZ,3,9,2024,brthum,2024-03-09,69
31.8571656,-110.9998083,US-AZ,3,7,2023,bkchum,2023-03-07,66
31.8571656,-110.9998083,US-AZ,3,31,2023,rufhum,2023-03-31,90
35.6400689,-105.9245539,US-NM,4,23,2023,bkchum,2023-04-23,113
35.6400689,-105.9245539,US-NM,4,27,2023,bkchum,2023-04-27,117
35.6400689,-105.9245539,US-NM,4,29,2023,bkchum,2023-04-29,119
35.6400689,-105.9245539,US-NM,4,13,2024,brthum,2024-04-13,104
35.6400689,-105.9245539,US-NM,4,15,2024,brthum,2024-04-15,106
35.6400689,-105.9245539,US-NM,4,19,2024,brthum,2024-04-19,110
35.6400689,-105.9245539,US-NM,4,21,2024,bkchum,2024-04-21,112
35.6400689,-105.9245539,US-NM,4,21,2024,rufhum,2024-04-21,112
35.6400689,-105.9245539,US-NM,4,21,2024,brthum,2024-04-21,112
35.6400689,-105.9245539,US-NM,4,23,2024,brthum,2024-04-23,114
35.6400689,-105.9245539,US-NM,4,23,2024,bkchum,2024-04-23,114
35.6400689,-105.9245539,US-NM,4,25,2024,brthum,2024-04-25,116
35.6400689,-105.9245539,US-NM,4,25,2024,bkchum,2024-04-25,116
35.6400689,-105.9245539,US-NM,4,27,2024,brthum,2024-04-27,118
35.6400689,-105.9245539,US-NM,4,27,2024,bkchum,2024-04-27,118
35.6400689,-105.9245539,US-NM,4,29,2024,bkchum,2024-04-29,120
32.2615085,-110.9403271,US-AZ,2,26,2024,brthum,2024-02-26,57
32.2615085,-110.9403271,US-AZ,3,7,2024,brthum,2024-03-07,67
37.7090892,-113.1095126,US-UT,4,18,2023,bkchum,2023-04-18,108
37.7090892,-113.1095126,US-UT,4,25,2023,bkchum,2023-04-25,115
37.7090892,-113.1095126,US-UT,4,23,2024,bkchum,2024-04-23,114
37.7090892,-113.1095126,US-UT,4,29,2024,bkchum,2024-04-29,120
35.1175443,-106.549131,US-NM,4,29,2023,bkchum,2023-04-29,119
39.0055641,-104.7943917,US-CO,4,15,2023,brthum,2023-04-15,105
35.5193571,-105.9145904,US-NM,4,21,2023,bkchum,2023-04-21,111
35.5193571,-105.9145904,US-NM,4,21,2023,brthum,2023-04-21,111
35.5193571,-105.9145904,US-NM,4,28,2023,bkchum,2023-04-28,118
35.5193571,-105.9145904,US-NM,4,28,2023,brthum,2023-04-28,118
35.5193571,-105.9145904,US-NM,4,12,2024,bkchum,2024-04-12,103
35.5193571,-105.9145904,US-NM,4,19,2024,brthum,2024-04-19,110
35.5193571,-105.9145904,US-NM,4,19,2024,bkchum,2024-04-19,110
35.5193571,-105.9145904,US-NM,4,26,2024,bkchum,2024-04-26,117
38.6398739,-109.390206,US-UT,4,15,2023,bkchum,2023-04-15,105
38.6398739,-109.390206,US-UT,4,13,2024,bkchum,2024-04-13,104
38.6398739,-109.390206,US-UT,4,27,2024,bkchum,2024-04-27,118
33.3220909,-111.8028046,US-AZ,4,22,2023,bkchum,2023-04-22,112
35.2472807,-111.4813636,US-AZ,4,16,2023,brthum,2023-04-16,106
36.5098431,-105.686717,US-NM,4,25,2023,brthum,2023-04-25,115
36.5098431,-105.686717,US-NM,4,29,2023,brthum,2023-04-29,119
36.5098431,-105.686717,US-NM,4,28,2024,brthum,2024-04-28,119
36.7039193,-105.350416,US-NM,4,29,2023,brthum,2023-04-29,119
36.7039193,-105.350416,US-NM,4,29,2023,rufhum,2023-04-29,119
36.7039193,-105.350416,US-NM,4,22,2024,brthum,2024-04-22,113
34.1083801,-109.8977315,US-AZ,4,19,2023,brthum,2023-04-19,109
34.1083801,-109.8977315,US-AZ,4,26,2023,bkchum,2023-04-26,116
34.1083801,-109.8977315,US-AZ,4,24,2024,bkchum,2024-04-24,115
34.1083801,-109.8977315,US-AZ,4,28,2024,bkchum,2024-04-28,119
35.5671252,-105.9778722,US-NM,4,28,2023,brthum,2023-04-28,118
35.5671252,-105.9778722,US-NM,4,28,2023,bkchum,2023-04-28,118
35.5671252,-105.9778722,US-NM,4,19,2024,brthum,2024-04-19,110
35.5671252,-105.9778722,US-NM,4,19,2024,bkchum,2024-04-19,110
35.5671252,-105.9778722,US-NM,4,26,2024,brthum,2024-04-26,117
35.5671252,-105.9778722,US-NM,4,26,2024,bkchum,2024-04-26,117
35.6425613,-105.9253684,US-NM,4,29,2023,brthum,2023-04-29,119
36.3610825,-105.3814378,US-NM,4,22,2023,bkchum,2023-04-22,112
43.5883167,-114.3425747,US-ID,4,28,2024,calhum,2024-04-28,119
43.5883167,-114.3425747,US-ID,4,24,2021,calhum,2021-04-24,114
43.5883167,-114.3425747,US-ID,4,24,2021,rufhum,2021-04-24,114
35.2327385,-106.3129039,US-NM,4,28,2023,bkchum,2023-04-28,118
32.6028,-110.7935143,US-AZ,3,19,2022,rufhum,2022-03-19,78
32.6028,-110.7935143,US-AZ,3,26,2022,bkchum,2022-03-26,85
32.6028,-110.7935143,US-AZ,4,2,2022,bkchum,2022-04-02,92
32.6028,-110.7935143,US-AZ,4,9,2022,bkchum,2022-04-09,99
32.6028,-110.7935143,US-AZ,4,23,2022,bkchum,2022-04-23,113
32.6028,-110.7935143,US-AZ,3,4,2023,brthum,2023-03-04,63
32.6028,-110.7935143,US-AZ,3,18,2023,bkchum,2023-03-18,77
32.6028,-110.7935143,US-AZ,3,25,2023,bkchum,2023-03-25,84
32.6028,-110.7935143,US-AZ,4,1,2023,bkchum,2023-04-01,91
32.6028,-110.7935143,US-AZ,4,8,2023,bkchum,2023-04-08,98
32.6028,-110.7935143,US-AZ,4,15,2023,bkchum,2023-04-15,105
32.6028,-110.7935143,US-AZ,4,22,2023,bkchum,2023-04-22,112
32.6028,-110.7935143,US-AZ,4,29,2023,bkchum,2023-04-29,119
32.6028,-110.7935143,US-AZ,3,20,2021,rufhum,2021-03-20,79
32.6028,-110.7935143,US-AZ,3,27,2021,bkchum,2021-03-27,86
32.6028,-110.7935143,US-AZ,3,27,2021,rufhum,2021-03-27,86
32.6028,-110.7935143,US-AZ,4,3,2021,bkchum,2021-04-03,93
37.2931488,-107.8648429,US-CO,4,28,2023,brthum,2023-04-28,118
38.5705991,-109.5565867,US-UT,4,29,2023,bkchum,2023-04-29,119
35.1048166,-106.4928216,US-NM,4,21,2023,bkchum,2023-04-21,111
35.1048166,-106.4928216,US-NM,4,28,2023,bkchum,2023-04-28,118
32.2484935,-110.9319828,US-AZ,4,1,2023,bkchum,2023-04-01,91
38.7971611,-104.8522415,US-CO,4,9,2022,brthum,2022-04-09,99
38.7971611,-104.8522415,US-CO,4,29,2022,brthum,2022-04-29,119
38.7971611,-104.8522415,US-CO,4,15,2023,brthum,2023-04-15,105
38.7971611,-104.8522415,US-CO,4,18,2021,rufhum,2021-04-18,108
38.7971611,-104.8522415,US-CO,4,29,2021,rufhum,2021-04-29,119
38.7971611,-104.8522415,US-CO,4,27,2024,brthum,2024-04-27,118
36.4711223,-105.6051747,US-NM,4,23,2022,bkchum,2022-04-23,113
36.4711223,-105.6051747,US-NM,4,29,2023,bkchum,2023-04-29,119
36.4711223,-105.6051747,US-NM,4,27,2024,bkchum,2024-04-27,118
36.4711223,-105.6051747,US-NM,4,27,2024,brthum,2024-04-27,118
36.4711223,-105.6051747,US-NM,4,24,2021,bkchum,2021-04-24,114
32.2591411,-110.8768263,US-AZ,3,11,2023,bkchum,2023-03-11,70
32.2591411,-110.8768263,US-AZ,3,11,2023,brthum,2023-03-11,70
32.2591411,-110.8768263,US-AZ,4,8,2023,bkchum,2023-04-08,98
32.2591411,-110.8768263,US-AZ,4,8,2023,brthum,2023-04-08,98
36.5234604,-105.6509247,US-NM,4,16,2022,brthum,2022-04-16,106
36.5234604,-105.6509247,US-NM,4,23,2022,bkchum,2022-04-23,113
36.5234604,-105.6509247,US-NM,4,23,2022,brthum,2022-04-23,113
36.5234604,-105.6509247,US-NM,4,15,2023,brthum,2023-04-15,105
36.5234604,-105.6509247,US-NM,4,22,2023,bkchum,2023-04-22,112
36.5234604,-105.6509247,US-NM,4,22,2023,brthum,2023-04-22,112
36.5234604,-105.6509247,US-NM,4,29,2023,brthum,2023-04-29,119
36.5234604,-105.6509247,US-NM,4,29,2023,bkchum,2023-04-29,119
36.5234604,-105.6509247,US-NM,4,13,2024,brthum,2024-04-13,104
36.5234604,-105.6509247,US-NM,4,20,2024,brthum,2024-04-20,111
36.5234604,-105.6509247,US-NM,4,27,2024,bkchum,2024-04-27,118
36.5234604,-105.6509247,US-NM,4,27,2024,brthum,2024-04-27,118
36.5234604,-105.6509247,US-NM,4,29,2021,bkchum,2021-04-29,119
38.0244484,-104.6991806,US-CO,4,16,2022,bkchum,2022-04-16,106
38.0244484,-104.6991806,US-CO,4,28,2022,bkchum,2022-04-28,118
38.0244484,-104.6991806,US-CO,4,28,2024,bkchum,2024-04-28,119
38.0244484,-104.6991806,US-CO,4,28,2021,bkchum,2021-04-28,118
38.34292,-105.127766,US-CO,4,24,2022,bkchum,2022-04-24,114
39.465743,-118.815089,US-NV,4,29,2024,bkchum,2024-04-29,120
32.910269,-107.5730337,US-NM,4,9,2021,bkchum,2021-04-09,99
32.910269,-107.5730337,US-NM,4,9,2021,brthum,2021-04-09,99
32.910269,-107.5730337,US-NM,4,18,2021,brthum,2021-04-18,108
32.910269,-107.5730337,US-NM,4,18,2021,bkchum,2021-04-18,108
32.910269,-107.5730337,US-NM,4,24,2021,bkchum,2021-04-24,114
32.910269,-107.5730337,US-NM,4,24,2021,brthum,2021-04-24,114
37.0028269,-105.609169,US-CO,4,18,2021,brthum,2021-04-18,108
37.3659978,-107.6667452,US-CO,4,24,2024,brthum,2024-04-24,115
37.3659978,-107.6667452,US-CO,4,28,2024,brthum,2024-04-28,119
37.385461,-107.863706,US-CO,4,29,2022,brthum,2022-04-29,119
36.3603988,-105.5782378,US-NM,4,17,2022,brthum,2022-04-17,107
36.3603988,-105.5782378,US-NM,4,25,2022,brthum,2022-04-25,115
36.3603988,-105.5782378,US-NM,4,16,2023,brthum,2023-04-16,106
36.3603988,-105.5782378,US-NM,4,24,2023,brthum,2023-04-24,114
36.3603988,-105.5782378,US-NM,4,18,2024,brthum,2024-04-18,109
36.3603988,-105.5782378,US-NM,4,24,2024,brthum,2024-04-24,115
36.3603988,-105.5782378,US-NM,4,29,2024,brthum,2024-04-29,120
36.3603988,-105.5782378,US-NM,4,25,2021,brthum,2021-04-25,115
39.3704782,-104.7820702,US-CO,4,18,2023,brthum,2023-04-18,108
39.3704782,-104.7820702,US-CO,4,28,2023,brthum,2023-04-28,118
36.6964575,-106.6226558,US-NM,4,11,2024,bkchum,2024-04-11,102
36.6964575,-106.6226558,US-NM,4,26,2024,bkchum,2024-04-26,117
36.6964575,-106.6226558,US-NM,4,26,2024,brthum,2024-04-26,117
39.4431022,-104.6963415,US-CO,4,24,2024,brthum,2024-04-24,115
32.1826074,-110.8521021,US-AZ,4,13,2024,bkchum,2024-04-13,104
32.1826074,-110.8521021,US-AZ,4,20,2024,bkchum,2024-04-20,111
32.1826074,-110.8521021,US-AZ,4,29,2024,bkchum,2024-04-29,120
32.3346183,-106.7480958,US-NM,4,20,2024,bkchum,2024-04-20,111
32.3346183,-106.7480958,US-NM,4,27,2024,bkchum,2024-04-27,118
31.4307129,-110.2464083,US-AZ,4,27,2024,rufhum,2024-04-27,118
34.7885401,-106.6601481,US-NM,4,29,2024,bkchum,2024-04-29,120
31.3804066,-110.2280022,US-AZ,4,2,2023,bkchum,2023-04-02,92
31.3804066,-110.2280022,US-AZ,4,2,2023,brthum,2023-04-02,92
31.3804066,-110.2280022,US-AZ,4,2,2023,rufhum,2023-04-02,92
40.4872034,-106.9200611,US-CO,4,29,2023,brthum,2023-04-29,119
35.23344,-106.620955,US-NM,4,22,2024,bkchum,2024-04-22,113
35.23344,-106.620955,US-NM,4,18,2022,bkchum,2022-04-18,108
35.23344,-106.620955,US-NM,4,18,2022,brthum,2022-04-18,108
35.23344,-106.620955,US-NM,4,25,2023,bkchum,2023-04-25,115
35.1279818,-106.590085,US-NM,4,13,2024,bkchum,2024-04-13,104
34.5830381,-112.4704393,US-AZ,4,14,2024,bkchum,2024-04-14,105
38.2102143,-104.9423987,US-CO,4,20,2024,brthum,2024-04-20,111
38.2102143,-104.9423987,US-CO,4,27,2024,brthum,2024-04-27,118
40.1915719,-105.4878895,US-CO,4,25,2024,brthum,2024-04-25,116
33.4006188,-111.7752082,US-AZ,4,20,2024,bkchum,2024-04-20,111
33.4006188,-111.7752082,US-AZ,4,23,2024,bkchum,2024-04-23,114
40.5615123,-105.1066869,US-CO,4,25,2024,brthum,2024-04-25,116
40.5615123,-105.1066869,US-CO,4,29,2024,brthum,2024-04-29,120
32.3136765,-106.73545,US-NM,4,4,2024,bkchum,2024-04-04,95
32.3136765,-106.73545,US-NM,4,11,2024,bkchum,2024-04-11,102
35.2300965,-106.6022035,US-NM,4,27,2024,bkchum,2024-04-27,118
35.6757535,-105.9148831,US-NM,4,24,2024,bkchum,2024-04-24,115
35.6757535,-105.9148831,US-NM,4,24,2024,brthum,2024-04-24,115
35.6757535,-105.9148831,US-NM,4,27,2024,bkchum,2024-04-27,118
35.6757535,-105.9148831,US-NM,4,27,2024,brthum,2024-04-27,118
35.0958729,-106.6126049,US-NM,4,11,2024,bkchum,2024-04-11,102
35.0958729,-106.6126049,US-NM,4,16,2024,bkchum,2024-04-16,107
35.0958729,-106.6126049,US-NM,4,25,2024,bkchum,2024-04-25,116
31.4544609,-111.0200886,US-AZ,4,18,2024,bkchum,2024-04-18,109
31.4544609,-111.0200886,US-AZ,4,25,2024,bkchum,2024-04-25,116
35.8865114,-106.3287034,US-NM,4,25,2024,brthum,2024-04-25,116
35.8865114,-106.3287034,US-NM,4,25,2024,bkchum,2024-04-25,116
37.6750807,-106.5703078,US-CO,4,21,2024,brthum,2024-04-21,112
34.315186,-111.02346,US-AZ,4,6,2024,brthum,2024-04-06,97
34.315186,-111.02346,US-AZ,4,13,2024,brthum,2024-04-13,104
34.315186,-111.02346,US-AZ,4,13,2024,bkchum,2024-04-13,104
34.315186,-111.02346,US-AZ,4,20,2024,bkchum,2024-04-20,111
34.315186,-111.02346,US-AZ,4,27,2024,bkchum,2024-04-27,118
35.58495,-106.02158,US-NM,4,22,2023,bkchum,2023-04-22,112
35.58495,-106.02158,US-NM,4,29,2023,bkchum,2023-04-29,119
39.2587584,-104.7590274,US-CO,4,23,2022,brthum,2022-04-23,113
38.475204,-107.970473,US-CO,4,27,2023,bkchum,2023-04-27,117
38.475204,-107.970473,US-CO,4,28,2024,bkchum,2024-04-28,119
48.192169,-114.3235481,US-MT,4,29,2023,calhum,2023-04-29,119
48.192169,-114.3235481,US-MT,4,24,2021,rufhum,2021-04-24,114
48.192169,-114.3235481,US-MT,4,24,2021,calhum,2021-04-24,114
37.1640403,-113.392508,US-UT,2,14,2024,bkchum,2024-02-14,45
37.1640403,-113.392508,US-UT,2,26,2024,bkchum,2024-02-26,57
37.1640403,-113.392508,US-UT,3,5,2024,bkchum,2024-03-05,65
37.1640403,-113.392508,US-UT,3,20,2024,bkchum,2024-03-20,80
37.1640403,-113.392508,US-UT,3,31,2024,bkchum,2024-03-31,91
37.1640403,-113.392508,US-UT,4,22,2024,bkchum,2024-04-22,113
32.2589135,-110.8949368,US-AZ,4,14,2024,brthum,2024-04-14,105
31.446079,-110.167995,US-AZ,2,12,2024,bkchum,2024-02-12,43
31.446079,-110.167995,US-AZ,2,17,2024,bkchum,2024-02-17,48
31.446079,-110.167995,US-AZ,2,25,2024,bkchum,2024-02-25,56
31.446079,-110.167995,US-AZ,3,4,2024,bkchum,2024-03-04,64
31.446079,-110.167995,US-AZ,3,9,2024,bkchum,2024-03-09,69
31.446079,-110.167995,US-AZ,3,15,2024,bkchum,2024-03-15,75
32.2318684,-110.7772988,US-AZ,3,16,2024,bkchum,2024-03-16,76
32.2318684,-110.7772988,US-AZ,3,23,2024,brthum,2024-03-23,83
32.2318684,-110.7772988,US-AZ,4,6,2024,brthum,2024-04-06,97
32.2318684,-110.7772988,US-AZ,4,13,2024,brthum,2024-04-13,104
32.2318684,-110.7772988,US-AZ,4,20,2024,brthum,2024-04-20,111
32.2318684,-110.7772988,US-AZ,4,27,2024,brthum,2024-04-27,118
32.7836277,-108.2814279,US-NM,4,13,2024,bkchum,2024-04-13,104
32.7836277,-108.2814279,US-NM,4,20,2024,bkchum,2024-04-20,111
32.7836277,-108.2814279,US-NM,4,29,2024,bkchum,2024-04-29,120
35.2365936,-112.2320151,US-AZ,4,15,2024,brthum,2024-04-15,106
35.2365936,-112.2320151,US-AZ,4,15,2024,bkchum,2024-04-15,106
35.2365936,-112.2320151,US-AZ,4,25,2024,bkchum,2024-04-25,116
35.2365936,-112.2320151,US-AZ,4,27,2024,bkchum,2024-04-27,118
35.2365936,-112.2320151,US-AZ,4,27,2024,brthum,2024-04-27,118
35.2365936,-112.2320151,US-AZ,4,27,2024,rufhum,2024-04-27,118
33.4969475,-110.8619371,US-AZ,3,1,2024,brthum,2024-03-01,61
33.4969475,-110.8619371,US-AZ,3,8,2024,brthum,2024-03-08,68
33.4969475,-110.8619371,US-AZ,3,8,2024,bkchum,2024-03-08,68
33.4969475,-110.8619371,US-AZ,3,15,2024,brthum,2024-03-15,75
33.4969475,-110.8619371,US-AZ,3,15,2024,bkchum,2024-03-15,75
33.4969475,-110.8619371,US-AZ,3,22,2024,bkchum,2024-03-22,82
33.4969475,-110.8619371,US-AZ,3,29,2024,bkchum,2024-03-29,89
33.4969475,-110.8619371,US-AZ,4,5,2024,bkchum,2024-04-05,96
33.4969475,-110.8619371,US-AZ,4,12,2024,bkchum,2024-04-12,103
33.4969475,-110.8619371,US-AZ,4,19,2024,bkchum,2024-04-19,110
33.4969475,-110.8619371,US-AZ,4,26,2024,bkchum,2024-04-26,117
39.598995,-105.1301131,US-CO,4,29,2024,brthum,2024-04-29,120
33.8622099,-112.113768,US-AZ,2,14,2024,bkchum,2024-02-14,45
32.2814992,-110.9533755,US-AZ,2,17,2024,brthum,2024-02-17,48
32.2573396,-111.0197685,US-AZ,2,18,2024,bkchum,2024-02-18,49
35.5600558,-105.7281733,US-NM,4,10,2024,bkchum,2024-04-10,101
35.5600558,-105.7281733,US-NM,4,18,2024,bkchum,2024-04-18,109
35.5600558,-105.7281733,US-NM,4,25,2024,bkchum,2024-04-25,116
35.2608495,-114.0325172,US-AZ,4,9,2024,brthum,2024-04-09,100
35.2608495,-114.0325172,US-AZ,4,12,2024,brthum,2024-04-12,103
37.1768436,-113.0136133,US-UT,4,27,2024,bkchum,2024-04-27,118
35.5543737,-105.3884339,US-NM,4,16,2022,brthum,2022-04-16,106
35.5543737,-105.3884339,US-NM,4,16,2022,bkchum,2022-04-16,106
35.5543737,-105.3884339,US-NM,4,8,2023,brthum,2023-04-08,98
35.5543737,-105.3884339,US-NM,4,15,2023,brthum,2023-04-15,105
35.5543737,-105.3884339,US-NM,4,22,2023,brthum,2023-04-22,112
35.5543737,-105.3884339,US-NM,4,22,2023,bkchum,2023-04-22,112
35.5543737,-105.3884339,US-NM,4,29,2023,brthum,2023-04-29,119
35.5543737,-105.3884339,US-NM,4,29,2023,bkchum,2023-04-29,119
35.5543737,-105.3884339,US-NM,4,6,2024,brthum,2024-04-06,97
35.5543737,-105.3884339,US-NM,4,17,2021,brthum,2021-04-17,107
35.5543737,-105.3884339,US-NM,4,24,2021,bkchum,2021-04-24,114
35.5543737,-105.3884339,US-NM,4,24,2021,brthum,2021-04-24,114
39.6682503,-119.911201,US-NV,4,24,2023,bkchum,2023-04-24,114
37.3499636,-108.4016705,US-CO,4,24,2023,bkchum,2023-04-24,114
37.3499636,-108.4016705,US-CO,4,24,2023,brthum,2023-04-24,114
37.3499636,-108.4016705,US-CO,4,22,2024,bkchum,2024-04-22,113
37.3499636,-108.4016705,US-CO,4,22,2024,brthum,2024-04-22,113
37.3499636,-108.4016705,US-CO,4,29,2024,bkchum,2024-04-29,120
37.3499636,-108.4016705,US-CO,4,29,2024,brthum,2024-04-29,120
37.3499636,-108.4016705,US-CO,4,26,2021,bkchum,2021-04-26,116
37.3499636,-108.4016705,US-CO,4,25,2022,bkchum,2022-04-25,115
40.1241282,-105.282386,US-CO,4,27,2024,brthum,2024-04-27,118
32.25557,-109.83999,US-AZ,4,7,2022,bkchum,2022-04-07,97
32.25557,-109.83999,US-AZ,4,18,2022,bkchum,2022-04-18,108
32.25557,-109.83999,US-AZ,4,7,2023,bkchum,2023-04-07,97
32.25557,-109.83999,US-AZ,4,16,2023,bkchum,2023-04-16,106
32.25557,-109.83999,US-AZ,4,26,2023,bkchum,2023-04-26,116
32.25557,-109.83999,US-AZ,4,11,2024,bkchum,2024-04-11,102
32.25557,-109.83999,US-AZ,4,11,2021,bkchum,2021-04-11,101
32.25557,-109.83999,US-AZ,4,20,2021,bkchum,2021-04-20,110
34.631425,-111.792254,US-AZ,3,29,2021,bkchum,2021-03-29,88
34.631425,-111.792254,US-AZ,4,5,2021,bkchum,2021-04-05,95
34.631425,-111.792254,US-AZ,4,5,2021,rufhum,2021-04-05,95
34.631425,-111.792254,US-AZ,4,12,2021,bkchum,2021-04-12,102
34.631425,-111.792254,US-AZ,3,23,2022,bkchum,2022-03-23,82
34.631425,-111.792254,US-AZ,3,30,2022,rufhum,2022-03-30,89
34.631425,-111.792254,US-AZ,3,30,2022,bkchum,2022-03-30,89
34.631425,-111.792254,US-AZ,4,6,2022,bkchum,2022-04-06,96
34.631425,-111.792254,US-AZ,4,6,2022,rufhum,2022-04-06,96
34.631425,-111.792254,US-AZ,4,13,2022,bkchum,2022-04-13,103
34.631425,-111.792254,US-AZ,4,20,2022,bkchum,2022-04-20,110
34.631425,-111.792254,US-AZ,4,27,2022,bkchum,2022-04-27,117
34.631425,-111.792254,US-AZ,4,1,2024,bkchum,2024-04-01,92
34.631425,-111.792254,US-AZ,4,8,2024,bkchum,2024-04-08,99
34.631425,-111.792254,US-AZ,4,15,2024,bkchum,2024-04-15,106
34.631425,-111.792254,US-AZ,4,22,2024,bkchum,2024-04-22,113
34.631425,-111.792254,US-AZ,4,29,2024,bkchum,2024-04-29,120
38.4304378,-107.8271842,US-CO,4,23,2022,bkchum,2022-04-23,113
34.765254,-112.557549,US-AZ,3,15,2022,rufhum,2022-03-15,74
34.765254,-112.557549,US-AZ,3,29,2022,rufhum,2022-03-29,88
34.765254,-112.557549,US-AZ,4,5,2022,bkchum,2022-04-05,95
34.765254,-112.557549,US-AZ,4,11,2022,rufhum,2022-04-11,101
34.765254,-112.557549,US-AZ,4,11,2022,bkchum,2022-04-11,101
34.765254,-112.557549,US-AZ,4,18,2022,rufhum,2022-04-18,108
34.765254,-112.557549,US-AZ,4,18,2022,bkchum,2022-04-18,108
34.765254,-112.557549,US-AZ,3,20,2023,bkchum,2023-03-20,79
34.765254,-112.557549,US-AZ,4,3,2023,bkchum,2023-04-03,93
34.765254,-112.557549,US-AZ,4,11,2023,bkchum,2023-04-11,101
34.765254,-112.557549,US-AZ,4,17,2023,bkchum,2023-04-17,107
34.765254,-112.557549,US-AZ,4,24,2023,bkchum,2023-04-24,114
34.765254,-112.557549,US-AZ,2,26,2024,rufhum,2024-02-26,57
34.765254,-112.557549,US-AZ,4,1,2024,bkchum,2024-04-01,92
34.765254,-112.557549,US-AZ,4,10,2024,bkchum,2024-04-10,101
34.765254,-112.557549,US-AZ,4,17,2024,bkchum,2024-04-17,108
34.765254,-112.557549,US-AZ,4,6,2021,rufhum,2021-04-06,96
34.765254,-112.557549,US-AZ,4,6,2021,bkchum,2021-04-06,96
34.765254,-112.557549,US-AZ,4,27,2021,bkchum,2021-04-27,117
38.305438,-104.592681,US-CO,4,24,2021,brthum,2021-04-24,114
34.5345255,-112.4218941,US-AZ,3,29,2023,rufhum,2023-03-29,88
39.0487002,-108.6438152,US-CO,4,6,2022,bkchum,2022-04-06,96
39.0487002,-108.6438152,US-CO,4,6,2022,brthum,2022-04-06,96
43.565563,-116.15973,US-ID,4,29,2023,calhum,2023-04-29,119
43.565563,-116.15973,US-ID,4,27,2024,bkchum,2024-04-27,118
38.9397007,-104.8049569,US-CO,4,29,2023,brthum,2023-04-29,119
41.5111,-112.0191,US-UT,3,25,2022,brthum,2022-03-25,84
41.5111,-112.0191,US-UT,3,25,2022,calhum,2022-03-25,84
41.5111,-112.0191,US-UT,4,29,2023,brthum,2023-04-29,119
41.5111,-112.0191,US-UT,4,29,2023,calhum,2023-04-29,119
40.74403,-111.8225,US-UT,4,28,2024,bkchum,2024-04-28,119
32.7099611,-108.302536,US-NM,4,9,2022,bkchum,2022-04-09,99
32.7099611,-108.302536,US-NM,4,22,2022,bkchum,2022-04-22,112
32.7099611,-108.302536,US-NM,4,29,2022,bkchum,2022-04-29,119
32.7099611,-108.302536,US-NM,4,8,2023,bkchum,2023-04-08,98
32.7099611,-108.302536,US-NM,4,15,2023,bkchum,2023-04-15,105
32.7099611,-108.302536,US-NM,4,22,2023,bkchum,2023-04-22,112
32.7099611,-108.302536,US-NM,4,29,2023,bkchum,2023-04-29,119
32.7099611,-108.302536,US-NM,3,23,2024,brthum,2024-03-23,83
32.7099611,-108.302536,US-NM,4,6,2024,brthum,2024-04-06,97
32.7099611,-108.302536,US-NM,4,13,2024,bkchum,2024-04-13,104
32.7099611,-108.302536,US-NM,4,13,2024,brthum,2024-04-13,104
32.7099611,-108.302536,US-NM,4,27,2024,bkchum,2024-04-27,118
32.7099611,-108.302536,US-NM,4,10,2021,brthum,2021-04-10,100
32.7099611,-108.302536,US-NM,4,10,2021,bkchum,2021-04-10,100
32.7099611,-108.302536,US-NM,4,17,2021,brthum,2021-04-17,107
32.7099611,-108.302536,US-NM,4,17,2021,bkchum,2021-04-17,107
32.7099611,-108.302536,US-NM,4,24,2021,bkchum,2021-04-24,114
35.2661023,-106.618151,US-NM,4,23,2023,bkchum,2023-04-23,113
35.2661023,-106.618151,US-NM,4,18,2021,bkchum,2021-04-18,108
35.2661023,-106.618151,US-NM,4,25,2021,bkchum,2021-04-25,115
34.5614955,-112.5056219,US-AZ,4,23,2024,bkchum,2024-04-23,114
34.5614955,-112.5056219,US-AZ,4,29,2024,bkchum,2024-04-29,120
34.5614955,-112.5056219,US-AZ,4,7,2022,bkchum,2022-04-07,97
34.5614955,-112.5056219,US-AZ,4,14,2022,brthum,2022-04-14,104
34.5614955,-112.5056219,US-AZ,4,14,2022,bkchum,2022-04-14,104
34.5614955,-112.5056219,US-AZ,4,21,2022,bkchum,2022-04-21,111
34.5614955,-112.5056219,US-AZ,4,28,2022,bkchum,2022-04-28,118
34.5614955,-112.5056219,US-AZ,3,13,2023,rufhum,2023-03-13,72
34.5614955,-112.5056219,US-AZ,3,27,2023,bkchum,2023-03-27,86
34.5614955,-112.5056219,US-AZ,4,4,2023,bkchum,2023-04-04,94
34.5614955,-112.5056219,US-AZ,4,10,2021,rufhum,2021-04-10,100
40.001294,-105.2845959,US-CO,4,24,2023,brthum,2023-04-24,114
40.001294,-105.2845959,US-CO,4,29,2024,brthum,2024-04-29,120
32.276268,-110.897981,US-AZ,2,25,2023,bkchum,2023-02-25,56
32.276268,-110.897981,US-AZ,3,6,2023,bkchum,2023-03-06,65
32.276268,-110.897981,US-AZ,3,9,2023,bkchum,2023-03-09,68
32.276268,-110.897981,US-AZ,4,14,2024,bkchum,2024-04-14,105
35.8831828,-106.3257802,US-NM,4,15,2022,bkchum,2022-04-15,105
35.8831828,-106.3257802,US-NM,4,21,2022,bkchum,2022-04-21,111
35.8831828,-106.3257802,US-NM,4,25,2022,bkchum,2022-04-25,115
35.8831828,-106.3257802,US-NM,4,29,2022,bkchum,2022-04-29,119
35.8831828,-106.3257802,US-NM,4,19,2021,bkchum,2021-04-19,109
35.8831828,-106.3257802,US-NM,4,29,2021,bkchum,2021-04-29,119
35.8831828,-106.3257802,US-NM,4,23,2024,bkchum,2024-04-23,114
35.8831828,-106.3257802,US-NM,4,29,2024,bkchum,2024-04-29,120
35.8831828,-106.3257802,US-NM,4,24,2021,bkchum,2021-04-24,114
32.2844887,-110.7287765,US-AZ,4,16,2022,bkchum,2022-04-16,106
32.2844887,-110.7287765,US-AZ,4,29,2023,bkchum,2023-04-29,119
32.2844887,-110.7287765,US-AZ,4,13,2024,bkchum,2024-04-13,104
32.2844887,-110.7287765,US-AZ,3,31,2024,bkchum,2024-03-31,91
47.7117685,-116.8350492,US-ID,4,21,2022,calhum,2022-04-21,111
47.7117685,-116.8350492,US-ID,4,29,2023,bkchum,2023-04-29,119
47.7117685,-116.8350492,US-ID,4,29,2023,calhum,2023-04-29,119
39.0735089,-108.664948,US-CO,4,19,2021,bkchum,2021-04-19,109
39.0735089,-108.664948,US-CO,4,26,2021,bkchum,2021-04-26,116
32.2197813,-110.8480275,US-AZ,3,13,2021,brthum,2021-03-13,72
32.2197813,-110.8480275,US-AZ,4,10,2021,brthum,2021-04-10,100
35.238529,-111.675704,US-AZ,4,16,2022,brthum,2022-04-16,106
35.238529,-111.675704,US-AZ,4,22,2023,bkchum,2023-04-22,112
35.238529,-111.675704,US-AZ,4,22,2023,brthum,2023-04-22,112
35.238529,-111.675704,US-AZ,4,17,2024,brthum,2024-04-17,108
35.238529,-111.675704,US-AZ,4,3,2021,brthum,2021-04-03,93
35.238529,-111.675704,US-AZ,4,10,2021,brthum,2021-04-10,100
35.238529,-111.675704,US-AZ,4,16,2021,brthum,2021-04-16,106
35.238529,-111.675704,US-AZ,4,24,2021,brthum,2021-04-24,114
35.242886,-112.194736,US-AZ,4,3,2021,brthum,2021-04-03,93
35.242886,-112.194736,US-AZ,4,10,2021,brthum,2021-04-10,100
31.4970209,-110.8495617,US-AZ,3,15,2023,bkchum,2023-03-15,74
31.4970209,-110.8495617,US-AZ,3,15,2023,rufhum,2023-03-15,74
37.3635744,-108.290863,US-CO,4,28,2022,brthum,2022-04-28,118
37.3635744,-108.290863,US-CO,4,28,2022,bkchum,2022-04-28,118
37.3635744,-108.290863,US-CO,4,18,2023,bkchum,2023-04-18,108
37.3635744,-108.290863,US-CO,4,26,2023,bkchum,2023-04-26,116
37.3635744,-108.290863,US-CO,4,26,2023,brthum,2023-04-26,116
37.3635744,-108.290863,US-CO,4,28,2021,brthum,2021-04-28,118
37.3635744,-108.290863,US-CO,4,28,2021,bkchum,2021-04-28,118
37.3630265,-108.2905707,US-CO,4,22,2024,bkchum,2024-04-22,113
37.3630265,-108.2905707,US-CO,4,28,2024,bkchum,2024-04-28,119
37.3630265,-108.2905707,US-CO,4,28,2024,brthum,2024-04-28,119
40.626079,-105.047649,US-CO,4,29,2021,rufhum,2021-04-29,119
44.1849737,-115.9749842,US-ID,4,29,2023,rufhum,2023-04-29,119
44.1849737,-115.9749842,US-ID,4,29,2023,calhum,2023-04-29,119
44.1849737,-115.9749842,US-ID,4,27,2024,calhum,2024-04-27,118
44.1849737,-115.9749842,US-ID,4,27,2024,rufhum,2024-04-27,118
35.2168884,-111.6437777,US-AZ,4,21,2024,brthum,2024-04-21,112
34.4299919,-109.6344566,US-AZ,4,18,2023,bkchum,2023-04-18,108
34.4299919,-109.6344566,US-AZ,4,25,2023,bkchum,2023-04-25,115
34.4299919,-109.6344566,US-AZ,4,23,2022,bkchum,2022-04-23,113
34.4299919,-109.6344566,US-AZ,4,27,2024,bkchum,2024-04-27,118
32.38824,-111.351915,US-AZ,3,18,2022,rufhum,2022-03-18,77
34.519755,-112.472071,US-AZ,3,29,2022,brthum,2022-03-29,88
34.519755,-112.472071,US-AZ,4,5,2022,bkchum,2022-04-05,95
34.519755,-112.472071,US-AZ,4,5,2022,brthum,2022-04-05,95
34.519755,-112.472071,US-AZ,4,12,2022,bkchum,2022-04-12,102
34.519755,-112.472071,US-AZ,4,19,2022,bkchum,2022-04-19,109
34.519755,-112.472071,US-AZ,4,26,2022,bkchum,2022-04-26,116
34.519755,-112.472071,US-AZ,3,18,2023,bkchum,2023-03-18,77
34.519755,-112.472071,US-AZ,4,1,2023,rufhum,2023-04-01,91
34.519755,-112.472071,US-AZ,4,15,2023,bkchum,2023-04-15,105
34.519755,-112.472071,US-AZ,4,29,2023,bkchum,2023-04-29,119
34.519755,-112.472071,US-AZ,3,22,2024,bkchum,2024-03-22,82
34.519755,-112.472071,US-AZ,4,13,2024,bkchum,2024-04-13,104
34.519755,-112.472071,US-AZ,4,26,2021,bkchum,2021-04-26,116
38.946092,-104.78339,US-CO,4,15,2024,brthum,2024-04-15,106
38.946092,-104.78339,US-CO,4,29,2024,brthum,2024-04-29,120
32.7842782,-108.2717169,US-NM,4,9,2022,bkchum,2022-04-09,99
32.7842782,-108.2717169,US-NM,4,16,2022,bkchum,2022-04-16,106
32.7842782,-108.2717169,US-NM,4,29,2022,bkchum,2022-04-29,119
32.7842782,-108.2717169,US-NM,3,31,2023,bkchum,2023-03-31,90
38.3082011,-105.6311028,US-CO,4,29,2021,bkchum,2021-04-29,119
38.8612418,-104.8642634,US-CO,4,24,2022,bkchum,2022-04-24,114
38.8612418,-104.8642634,US-CO,4,29,2023,bkchum,2023-04-29,119
38.8612418,-104.8642634,US-CO,4,21,2024,bkchum,2024-04-21,112
38.8612418,-104.8642634,US-CO,4,28,2024,bkchum,2024-04-28,119
31.9122811,-109.1577959,US-AZ,4,17,2022,bkchum,2022-04-17,107
31.9122811,-109.1577959,US-AZ,4,17,2022,rufhum,2022-04-17,107
31.9122811,-109.1577959,US-AZ,4,17,2022,brthum,2022-04-17,107
46.8033285,-113.7686587,US-MT,4,27,2021,calhum,2021-04-27,117
46.8033285,-113.7686587,US-MT,4,27,2021,rufhum,2021-04-27,117
46.8033285,-113.7686587,US-MT,4,29,2022,calhum,2022-04-29,119
35.231657,-111.810239,US-AZ,4,7,2022,brthum,2022-04-07,97
35.231657,-111.810239,US-AZ,4,16,2024,brthum,2024-04-16,107
35.1611788,-106.3071442,US-NM,4,26,2024,bkchum,2024-04-26,117
35.1208833,-106.6835862,US-NM,4,10,2021,bkchum,2021-04-10,100
35.1208833,-106.6835862,US-NM,4,17,2021,bkchum,2021-04-17,107
35.1208833,-106.6835862,US-NM,4,24,2021,bkchum,2021-04-24,114
32.2434,-106.8259999,US-NM,4,9,2022,bkchum,2022-04-09,99
32.2434,-106.8259999,US-NM,3,17,2022,bkchum,2022-03-17,76
32.2434,-106.8259999,US-NM,4,24,2022,bkchum,2022-04-24,114
32.2434,-106.8259999,US-NM,4,12,2023,bkchum,2023-04-12,102
32.2434,-106.8259999,US-NM,4,15,2021,bkchum,2021-04-15,105
32.2434,-106.8259999,US-NM,4,6,2024,bkchum,2024-04-06,97
31.6198352,-111.070388,US-AZ,2,27,2022,rufhum,2022-02-27,58
31.6198352,-111.070388,US-AZ,3,13,2022,rufhum,2022-03-13,72
31.6198352,-111.070388,US-AZ,3,27,2022,rufhum,2022-03-27,86
31.6198352,-111.070388,US-AZ,4,3,2022,rufhum,2022-04-03,93
31.6198352,-111.070388,US-AZ,4,3,2022,bkchum,2022-04-03,93
31.6198352,-111.070388,US-AZ,2,26,2023,rufhum,2023-02-26,57
31.6198352,-111.070388,US-AZ,3,5,2023,rufhum,2023-03-05,64
31.6198352,-111.070388,US-AZ,3,12,2023,rufhum,2023-03-12,71
31.6198352,-111.070388,US-AZ,3,19,2023,bkchum,2023-03-19,78
31.6198352,-111.070388,US-AZ,3,19,2023,rufhum,2023-03-19,78
31.6198352,-111.070388,US-AZ,3,26,2023,rufhum,2023-03-26,85
31.6198352,-111.070388,US-AZ,3,26,2023,bkchum,2023-03-26,85
31.6198352,-111.070388,US-AZ,4,2,2023,bkchum,2023-04-02,92
31.6198352,-111.070388,US-AZ,4,9,2023,bkchum,2023-04-09,99
31.6198352,-111.070388,US-AZ,4,9,2023,rufhum,2023-04-09,99
32.8001942,-108.2837337,US-NM,2,4,2022,rufhum,2022-02-04,35
32.8001942,-108.2837337,US-NM,2,15,2022,rufhum,2022-02-15,46
32.8001942,-108.2837337,US-NM,3,7,2022,rufhum,2022-03-07,66
32.8001942,-108.2837337,US-NM,4,5,2022,brthum,2022-04-05,95
32.8001942,-108.2837337,US-NM,4,5,2022,bkchum,2022-04-05,95
32.8001942,-108.2837337,US-NM,4,5,2022,rufhum,2022-04-05,95
32.8001942,-108.2837337,US-NM,2,14,2024,rufhum,2024-02-14,45
32.8001942,-108.2837337,US-NM,2,23,2021,rufhum,2021-02-23,54
32.8001942,-108.2837337,US-NM,3,25,2021,rufhum,2021-03-25,84
32.8001942,-108.2837337,US-NM,4,24,2021,bkchum,2021-04-24,114
32.8001942,-108.2837337,US-NM,2,14,2023,rufhum,2023-02-14,45
32.8001942,-108.2837337,US-NM,3,28,2023,rufhum,2023-03-28,87
37.7386487,-111.7242837,US-UT,4,24,2021,bkchum,2021-04-24,114
37.7386487,-111.7242837,US-UT,4,9,2022,bkchum,2022-04-09,99
37.7386487,-111.7242837,US-UT,4,16,2022,bkchum,2022-04-16,106
37.7386487,-111.7242837,US-UT,4,23,2022,bkchum,2022-04-23,113
37.7386487,-111.7242837,US-UT,4,22,2023,bkchum,2023-04-22,112
37.7386487,-111.7242837,US-UT,4,29,2023,bkchum,2023-04-29,119
34.483772,-114.274966,US-AZ,4,3,2022,bkchum,2022-04-03,93
31.399455,-110.1915457,US-AZ,4,6,2022,bkchum,2022-04-06,96
31.399455,-110.1915457,US-AZ,4,10,2023,bkchum,2023-04-10,100
31.399455,-110.1915457,US-AZ,4,17,2023,bkchum,2023-04-17,107
31.399455,-110.1915457,US-AZ,4,24,2023,bkchum,2023-04-24,114
39.6010599,-105.060669,US-CO,4,29,2022,brthum,2022-04-29,119
39.6010599,-105.060669,US-CO,4,29,2023,brthum,2023-04-29,119
41.444904,-106.802833,US-WY,4,29,2023,brthum,2023-04-29,119
39.730955,-105.116429,US-CO,4,25,2021,brthum,2021-04-25,115
36.3850145,-105.561018,US-NM,4,20,2023,brthum,2023-04-20,110
36.3850145,-105.561018,US-NM,4,20,2023,bkchum,2023-04-20,110
36.3850145,-105.561018,US-NM,4,29,2023,bkchum,2023-04-29,119
36.3850145,-105.561018,US-NM,4,29,2023,brthum,2023-04-29,119
36.3850145,-105.561018,US-NM,4,29,2024,bkchum,2024-04-29,120
36.3850145,-105.561018,US-NM,4,29,2024,brthum,2024-04-29,120
41.7055923,-111.8053615,US-UT,4,10,2021,bkchum,2021-04-10,100
31.443265,-110.246696,US-AZ,4,3,2022,brthum,2022-04-03,93
31.443265,-110.246696,US-AZ,4,3,2022,bkchum,2022-04-03,93
31.443265,-110.246696,US-AZ,4,10,2022,bkchum,2022-04-10,100
31.443265,-110.246696,US-AZ,4,17,2022,brthum,2022-04-17,107
31.443265,-110.246696,US-AZ,4,17,2022,bkchum,2022-04-17,107
31.443265,-110.246696,US-AZ,4,9,2023,bkchum,2023-04-09,99
31.443265,-110.246696,US-AZ,4,16,2023,bkchum,2023-04-16,106
31.443265,-110.246696,US-AZ,3,6,2021,bkchum,2021-03-06,65
31.443265,-110.246696,US-AZ,3,29,2021,brthum,2021-03-29,88
31.443265,-110.246696,US-AZ,3,29,2021,bkchum,2021-03-29,88
31.443265,-110.246696,US-AZ,4,4,2021,bkchum,2021-04-04,94
32.3376564,-106.7479706,US-NM,4,12,2022,bkchum,2022-04-12,102
32.3376564,-106.7479706,US-NM,4,19,2022,bkchum,2022-04-19,109
32.3376564,-106.7479706,US-NM,4,11,2023,bkchum,2023-04-11,101
32.3376564,-106.7479706,US-NM,4,18,2023,bkchum,2023-04-18,108
32.3376564,-106.7479706,US-NM,4,13,2021,bkchum,2021-04-13,103
32.3376564,-106.7479706,US-NM,4,20,2021,bkchum,2021-04-20,110
32.3376564,-106.7479706,US-NM,4,27,2021,bkchum,2021-04-27,117
46.243539,-114.214891,US-MT,4,29,2024,calhum,2024-04-29,120
46.243539,-114.214891,US-MT,4,29,2024,rufhum,2024-04-29,120
46.243539,-114.214891,US-MT,4,29,2021,calhum,2021-04-29,119
46.243539,-114.214891,US-MT,4,29,2021,rufhum,2021-04-29,119
32.320409,-110.927733,US-AZ,2,19,2022,brthum,2022-02-19,50
32.320409,-110.927733,US-AZ,3,19,2022,bkchum,2022-03-19,78
32.320409,-110.927733,US-AZ,2,6,2023,bkchum,2023-02-06,37
32.320409,-110.927733,US-AZ,3,6,2023,brthum,2023-03-06,65
32.320409,-110.927733,US-AZ,3,13,2021,brthum,2021-03-13,72
36.7154509,-107.9651423,US-NM,4,25,2021,bkchum,2021-04-25,115
35.6706024,-105.9448648,US-NM,4,23,2022,brthum,2022-04-23,113
35.6706024,-105.9448648,US-NM,4,23,2022,bkchum,2022-04-23,113
35.6706024,-105.9448648,US-NM,4,17,2021,bkchum,2021-04-17,107
35.6706024,-105.9448648,US-NM,4,24,2021,bkchum,2021-04-24,114
40.4418358,-106.8386292,US-CO,4,23,2022,bkchum,2022-04-23,113
40.4418358,-106.8386292,US-CO,4,23,2022,brthum,2022-04-23,113
32.8388516,-108.2187653,US-NM,4,23,2021,brthum,2021-04-23,113
32.8388516,-108.2187653,US-NM,4,23,2021,bkchum,2021-04-23,113
40.668359,-111.519434,US-UT,4,29,2022,brthum,2022-04-29,119
40.668359,-111.519434,US-UT,4,24,2021,brthum,2021-04-24,114
35.2207397,-111.6121674,US-AZ,4,1,2022,brthum,2022-04-01,91
35.2207397,-111.6121674,US-AZ,4,19,2021,brthum,2021-04-19,109
35.2207397,-111.6121674,US-AZ,4,26,2021,brthum,2021-04-26,116
35.077525,-106.209954,US-NM,4,17,2023,bkchum,2023-04-17,107
35.077525,-106.209954,US-NM,4,27,2024,bkchum,2024-04-27,118
35.077525,-106.209954,US-NM,4,29,2021,bkchum,2021-04-29,119
35.1752641,-106.6323996,US-NM,4,11,2021,bkchum,2021-04-11,101
35.1752641,-106.6323996,US-NM,4,18,2021,bkchum,2021-04-18,108
38.4356597,-107.8530557,US-CO,4,29,2022,brthum,2022-04-29,119
38.4356597,-107.8530557,US-CO,4,29,2022,bkchum,2022-04-29,119
32.3122484,-110.932737,US-AZ,3,26,2022,bkchum,2022-03-26,85
32.3122484,-110.932737,US-AZ,4,2,2022,brthum,2022-04-02,92
32.3122484,-110.932737,US-AZ,4,9,2022,bkchum,2022-04-09,99
32.3122484,-110.932737,US-AZ,3,20,2021,bkchum,2021-03-20,79
32.3122484,-110.932737,US-AZ,3,20,2021,brthum,2021-03-20,79
32.3122484,-110.932737,US-AZ,4,3,2021,bkchum,2021-04-03,93
32.3122484,-110.932737,US-AZ,2,4,2023,brthum,2023-02-04,35
32.3122484,-110.932737,US-AZ,2,18,2023,bkchum,2023-02-18,49
32.3122484,-110.932737,US-AZ,3,22,2024,brthum,2024-03-22,82
32.1352132,-110.7678797,US-AZ,2,7,2024,bkchum,2024-02-07,38
31.5185289,-110.2678397,US-AZ,4,19,2022,bkchum,2022-04-19,109
31.5185289,-110.2678397,US-AZ,4,28,2023,bkchum,2023-04-28,118
31.5185289,-110.2678397,US-AZ,4,4,2021,bkchum,2021-04-04,94
37.281476,-107.1017619,US-CO,4,27,2022,bkchum,2022-04-27,117
46.2232566,-114.2063826,US-MT,4,28,2024,rufhum,2024-04-28,119
46.2232566,-114.2063826,US-MT,4,28,2024,calhum,2024-04-28,119
33.4561894,-111.4839363,US-AZ,3,29,2023,rufhum,2023-03-29,88
33.4561894,-111.4839363,US-AZ,3,14,2024,bkchum,2024-03-14,74
39.7008123,-105.1546015,US-CO,4,29,2023,brthum,2023-04-29,119
39.7008123,-105.1546015,US-CO,4,6,2024,brthum,2024-04-06,97
39.7008123,-105.1546015,US-CO,4,20,2024,brthum,2024-04-20,111
39.7008123,-105.1546015,US-CO,4,27,2024,brthum,2024-04-27,118
31.4287447,-110.2441977,US-AZ,2,26,2022,rufhum,2022-02-26,57
31.4287447,-110.2441977,US-AZ,3,12,2022,rufhum,2022-03-12,71
31.4287447,-110.2441977,US-AZ,3,19,2022,bkchum,2022-03-19,78
31.4287447,-110.2441977,US-AZ,3,26,2022,rufhum,2022-03-26,85
31.4287447,-110.2441977,US-AZ,4,2,2022,rufhum,2022-04-02,92
31.4287447,-110.2441977,US-AZ,4,9,2022,bkchum,2022-04-09,99
31.4287447,-110.2441977,US-AZ,4,16,2022,bkchum,2022-04-16,106
31.4287447,-110.2441977,US-AZ,4,16,2022,rufhum,2022-04-16,106
31.4287447,-110.2441977,US-AZ,4,23,2022,rufhum,2022-04-23,113
31.4287447,-110.2441977,US-AZ,4,23,2022,bkchum,2022-04-23,113
31.4287447,-110.2441977,US-AZ,3,4,2023,rufhum,2023-03-04,63
31.4287447,-110.2441977,US-AZ,4,1,2023,rufhum,2023-04-01,91
31.4287447,-110.2441977,US-AZ,4,15,2023,bkchum,2023-04-15,105
31.4287447,-110.2441977,US-AZ,4,22,2023,bkchum,2023-04-22,112
31.4287447,-110.2441977,US-AZ,4,6,2024,brthum,2024-04-06,97
31.4287447,-110.2441977,US-AZ,4,13,2024,brthum,2024-04-13,104
31.4287447,-110.2441977,US-AZ,4,20,2024,rufhum,2024-04-20,111
31.4287447,-110.2441977,US-AZ,3,13,2021,rufhum,2021-03-13,72
31.4287447,-110.2441977,US-AZ,3,20,2021,rufhum,2021-03-20,79
31.4287447,-110.2441977,US-AZ,3,27,2021,rufhum,2021-03-27,86
31.4287447,-110.2441977,US-AZ,4,3,2021,rufhum,2021-04-03,93
38.9089052,-104.8699737,US-CO,4,24,2022,brthum,2022-04-24,114
38.9089052,-104.8699737,US-CO,4,23,2023,brthum,2023-04-23,113
47.82214,-116.87981,US-ID,4,23,2022,calhum,2022-04-23,113
47.82214,-116.87981,US-ID,4,29,2022,calhum,2022-04-29,119
39.9965736,-105.1421589,US-CO,4,28,2022,bkchum,2022-04-28,118
35.7387186,-106.0704714,US-NM,4,10,2021,bkchum,2021-04-10,100
35.7387186,-106.0704714,US-NM,4,17,2021,bkchum,2021-04-17,107
35.7387186,-106.0704714,US-NM,4,24,2021,bkchum,2021-04-24,114
36.5194317,-105.5455685,US-NM,4,14,2022,bkchum,2022-04-14,104
36.5194317,-105.5455685,US-NM,4,25,2021,bkchum,2021-04-25,115
32.2853912,-110.7325745,US-AZ,3,27,2021,bkchum,2021-03-27,86
32.2853912,-110.7325745,US-AZ,4,3,2021,bkchum,2021-04-03,93
39.5971137,-119.2578067,US-NV,4,13,2023,bkchum,2023-04-13,103
39.5971137,-119.2578067,US-NV,4,27,2023,bkchum,2023-04-27,117
39.5971137,-119.2578067,US-NV,4,24,2021,bkchum,2021-04-24,114
39.5971137,-119.2578067,US-NV,4,24,2021,rufhum,2021-04-24,114
35.1292642,-106.6464233,US-NM,4,16,2022,bkchum,2022-04-16,106
35.1292642,-106.6464233,US-NM,4,23,2022,bkchum,2022-04-23,113
35.1292642,-106.6464233,US-NM,4,29,2022,bkchum,2022-04-29,119
35.1292642,-106.6464233,US-NM,4,15,2023,bkchum,2023-04-15,105
35.1292642,-106.6464233,US-NM,4,22,2023,bkchum,2023-04-22,112
35.1292642,-106.6464233,US-NM,4,29,2023,bkchum,2023-04-29,119
35.1292642,-106.6464233,US-NM,4,17,2021,bkchum,2021-04-17,107
35.1292642,-106.6464233,US-NM,4,24,2021,bkchum,2021-04-24,114
39.0646951,-108.5938819,US-CO,4,20,2022,bkchum,2022-04-20,110
39.0646951,-108.5938819,US-CO,4,27,2022,bkchum,2022-04-27,117
39.0646951,-108.5938819,US-CO,4,19,2023,bkchum,2023-04-19,109
39.0646951,-108.5938819,US-CO,4,26,2023,bkchum,2023-04-26,116
39.0646951,-108.5938819,US-CO,4,17,2024,bkchum,2024-04-17,108
39.0646951,-108.5938819,US-CO,4,24,2024,bkchum,2024-04-24,115
39.0646951,-108.5938819,US-CO,4,29,2024,bkchum,2024-04-29,120
39.0646951,-108.5938819,US-CO,4,24,2021,bkchum,2021-04-24,114
39.0646951,-108.5938819,US-CO,4,29,2021,bkchum,2021-04-29,119
32.8392122,-108.20014,US-NM,4,10,2024,brthum,2024-04-10,101
32.8392122,-108.20014,US-NM,4,10,2024,bkchum,2024-04-10,101
32.8392122,-108.20014,US-NM,4,17,2024,bkchum,2024-04-17,108
32.8392122,-108.20014,US-NM,4,17,2024,brthum,2024-04-17,108
32.8392122,-108.20014,US-NM,4,23,2024,bkchum,2024-04-23,114
32.8392122,-108.20014,US-NM,4,23,2024,brthum,2024-04-23,114
32.8392122,-108.20014,US-NM,4,3,2021,bkchum,2021-04-03,93
32.8392122,-108.20014,US-NM,4,3,2021,brthum,2021-04-03,93
32.8392122,-108.20014,US-NM,4,10,2021,bkchum,2021-04-10,100
32.8392122,-108.20014,US-NM,4,10,2021,brthum,2021-04-10,100
32.8392122,-108.20014,US-NM,4,17,2021,bkchum,2021-04-17,107
32.8392122,-108.20014,US-NM,4,17,2021,brthum,2021-04-17,107
32.8392122,-108.20014,US-NM,4,28,2021,brthum,2021-04-28,118
32.8392122,-108.20014,US-NM,4,28,2021,bkchum,2021-04-28,118
32.8392122,-108.20014,US-NM,3,26,2022,brthum,2022-03-26,85
32.8392122,-108.20014,US-NM,4,16,2022,bkchum,2022-04-16,106
32.8392122,-108.20014,US-NM,4,16,2022,brthum,2022-04-16,106
32.8392122,-108.20014,US-NM,4,23,2022,bkchum,2022-04-23,113
32.8392122,-108.20014,US-NM,4,23,2022,brthum,2022-04-23,113
32.8392122,-108.20014,US-NM,4,29,2022,brthum,2022-04-29,119
32.8392122,-108.20014,US-NM,4,29,2022,bkchum,2022-04-29,119
32.8392122,-108.20014,US-NM,4,7,2023,bkchum,2023-04-07,97
32.8392122,-108.20014,US-NM,4,21,2023,bkchum,2023-04-21,111
32.8392122,-108.20014,US-NM,4,21,2023,brthum,2023-04-21,111
32.8392122,-108.20014,US-NM,4,28,2023,bkchum,2023-04-28,118
32.8392122,-108.20014,US-NM,4,28,2023,brthum,2023-04-28,118
40.5308037,-105.235672,US-CO,4,23,2022,brthum,2022-04-23,113
40.5308037,-105.235672,US-CO,4,22,2023,brthum,2023-04-22,112
40.5308037,-105.235672,US-CO,4,29,2023,brthum,2023-04-29,119
40.5308037,-105.235672,US-CO,4,27,2024,brthum,2024-04-27,118
40.5308037,-105.235672,US-CO,4,24,2021,brthum,2021-04-24,114
32.887517,-105.651625,US-NM,4,3,2021,brthum,2021-04-03,93
32.887517,-105.651625,US-NM,4,10,2021,brthum,2021-04-10,100
32.887517,-105.651625,US-NM,4,17,2021,brthum,2021-04-17,107
32.887517,-105.651625,US-NM,4,24,2021,brthum,2021-04-24,114
35.162259,-106.2896704,US-NM,4,9,2022,bkchum,2022-04-09,99
35.162259,-106.2896704,US-NM,4,16,2022,bkchum,2022-04-16,106
35.162259,-106.2896704,US-NM,4,16,2022,brthum,2022-04-16,106
35.162259,-106.2896704,US-NM,4,23,2022,bkchum,2022-04-23,113
35.162259,-106.2896704,US-NM,4,29,2022,bkchum,2022-04-29,119
35.162259,-106.2896704,US-NM,4,17,2021,bkchum,2021-04-17,107
35.162259,-106.2896704,US-NM,4,17,2021,brthum,2021-04-17,107
35.162259,-106.2896704,US-NM,4,24,2021,brthum,2021-04-24,114
35.162259,-106.2896704,US-NM,4,24,2021,bkchum,2021-04-24,114
41.2483461,-111.7852445,US-UT,4,13,2024,brthum,2024-04-13,104
35.7955731,-106.2058148,US-NM,4,8,2023,brthum,2023-04-08,98
35.7955731,-106.2058148,US-NM,4,15,2023,bkchum,2023-04-15,105
35.7955731,-106.2058148,US-NM,4,22,2023,bkchum,2023-04-22,112
35.7955731,-106.2058148,US-NM,4,20,2024,brthum,2024-04-20,111
35.7955731,-106.2058148,US-NM,4,10,2021,brthum,2021-04-10,100
35.7955731,-106.2058148,US-NM,4,24,2021,bkchum,2021-04-24,114
32.9723078,-105.5546236,US-NM,4,13,2022,bkchum,2022-04-13,103
32.9723078,-105.5546236,US-NM,4,28,2022,bkchum,2022-04-28,118
32.9723078,-105.5546236,US-NM,4,28,2022,brthum,2022-04-28,118
32.9723078,-105.5546236,US-NM,4,8,2023,bkchum,2023-04-08,98
32.9723078,-105.5546236,US-NM,4,22,2023,brthum,2023-04-22,112
32.9723078,-105.5546236,US-NM,4,22,2023,bkchum,2023-04-22,112
32.9723078,-105.5546236,US-NM,4,6,2021,bkchum,2021-04-06,96
32.9723078,-105.5546236,US-NM,4,6,2024,bkchum,2024-04-06,97
32.9723078,-105.5546236,US-NM,4,13,2024,bkchum,2024-04-13,104
39.480274,-104.743514,US-CO,4,21,2023,brthum,2023-04-21,111
39.480274,-104.743514,US-CO,4,27,2023,brthum,2023-04-27,117
39.480274,-104.743514,US-CO,4,21,2022,brthum,2022-04-21,111
39.480274,-104.743514,US-CO,4,27,2022,brthum,2022-04-27,117
39.480274,-104.743514,US-CO,4,27,2024,brthum,2024-04-27,118
39.4090853,-119.7703228,US-NV,4,29,2022,bkchum,2022-04-29,119
39.4090853,-119.7703228,US-NV,4,29,2023,bkchum,2023-04-29,119
32.2832835,-110.8114966,US-AZ,3,11,2022,bkchum,2022-03-11,70
32.2832835,-110.8114966,US-AZ,3,25,2022,bkchum,2022-03-25,84
32.2832835,-110.8114966,US-AZ,4,26,2023,bkchum,2023-04-26,116
32.2832835,-110.8114966,US-AZ,3,7,2021,brthum,2021-03-07,66
32.2832835,-110.8114966,US-AZ,4,11,2021,bkchum,2021-04-11,101
33.3602392,-110.7688379,US-AZ,4,2,2022,bkchum,2022-04-02,92
33.3602392,-110.7688379,US-AZ,4,9,2022,bkchum,2022-04-09,99
33.3602392,-110.7688379,US-AZ,4,16,2022,bkchum,2022-04-16,106
33.3602392,-110.7688379,US-AZ,4,8,2023,bkchum,2023-04-08,98
33.3602392,-110.7688379,US-AZ,4,15,2023,bkchum,2023-04-15,105
33.3602392,-110.7688379,US-AZ,4,22,2023,bkchum,2023-04-22,112
33.3602392,-110.7688379,US-AZ,4,6,2024,bkchum,2024-04-06,97
33.3602392,-110.7688379,US-AZ,4,13,2024,bkchum,2024-04-13,104
33.3602392,-110.7688379,US-AZ,4,20,2024,bkchum,2024-04-20,111
33.3602392,-110.7688379,US-AZ,4,27,2024,bkchum,2024-04-27,118
33.3602392,-110.7688379,US-AZ,3,27,2021,brthum,2021-03-27,86
33.3602392,-110.7688379,US-AZ,4,3,2021,bkchum,2021-04-03,93
35.902879,-106.270361,US-NM,4,10,2023,brthum,2023-04-10,100
35.902879,-106.270361,US-NM,4,1,2024,brthum,2024-04-01,92
35.902879,-106.270361,US-NM,4,8,2024,brthum,2024-04-08,99
35.902879,-106.270361,US-NM,4,22,2024,brthum,2024-04-22,113
31.8925208,-110.947427,US-AZ,3,17,2021,brthum,2021-03-17,76
34.1028776,-109.9025394,US-AZ,4,10,2022,brthum,2022-04-10,100
34.1028776,-109.9025394,US-AZ,4,17,2022,brthum,2022-04-17,107
34.1028776,-109.9025394,US-AZ,4,11,2021,brthum,2021-04-11,101
34.1028776,-109.9025394,US-AZ,4,18,2021,brthum,2021-04-18,108
32.9040376,-105.5234456,US-NM,4,9,2023,brthum,2023-04-09,99
32.9040376,-105.5234456,US-NM,4,16,2021,brthum,2021-04-16,106
39.6467361,-104.8166656,US-CO,4,29,2022,brthum,2022-04-29,119
39.6467361,-104.8166656,US-CO,4,29,2023,brthum,2023-04-29,119
39.6467361,-104.8166656,US-CO,4,24,2021,brthum,2021-04-24,114
39.424933,-105.312177,US-CO,4,26,2022,brthum,2022-04-26,116
31.8765267,-110.9349551,US-AZ,3,19,2022,bkchum,2022-03-19,78
31.8765267,-110.9349551,US-AZ,4,2,2022,bkchum,2022-04-02,92
31.8765267,-110.9349551,US-AZ,4,16,2022,bkchum,2022-04-16,106
31.8765267,-110.9349551,US-AZ,4,1,2023,bkchum,2023-04-01,91
31.8765267,-110.9349551,US-AZ,4,10,2021,bkchum,2021-04-10,100
41.7532959,-111.7877121,US-UT,4,9,2022,brthum,2022-04-09,99
41.7532959,-111.7877121,US-UT,4,16,2022,brthum,2022-04-16,106
41.7532959,-111.7877121,US-UT,4,26,2021,brthum,2021-04-26,116
34.0639123,-112.1368718,US-AZ,3,30,2022,bkchum,2022-03-30,89
35.1279016,-106.669452,US-NM,4,13,2022,bkchum,2022-04-13,103
35.1279016,-106.669452,US-NM,4,20,2022,bkchum,2022-04-20,110
35.1279016,-106.669452,US-NM,4,27,2022,bkchum,2022-04-27,117
35.1279016,-106.669452,US-NM,4,15,2021,bkchum,2021-04-15,105
35.1279016,-106.669452,US-NM,4,22,2021,bkchum,2021-04-22,112
35.1279016,-106.669452,US-NM,4,29,2021,bkchum,2021-04-29,119
